ID,Anchor
HEL_BA5585AA_AS,hpAsia2
HEL_BA8063AA_AS,hpAsia2
HEL_BA8388AA_AS,hpAsia2
HEL_CA4141AA_AS,hpAsia2
HEL_CA4533AA_AS,hpAsia2
HEL_CA4822AA_AS,hpAsia2
HEL_CA4850AA_AS,hpAsia2
HEL_CA6033AA_AS,hpAsia2
HEL_CA6108AA_AS,hpAsia2
HEL_AA0361AA_AS,hpAsia2
HEL_AA0364AA_AS,hpAsia2
HEL_AA4372AA_AS,hpAsia2
HEL_AA5329AA_AS,hpAsia2
HEL_AA5920AA_AS,hpAsia2
HEL_AA5921AA_AS,hpAsia2
HEL_AA6014AA_AS,hpAsia2
HEL_AA6074AA_AS,hpAsia2
HEL_AA6079AA_AS,hpAsia2
HEL_AA7391AA_AS,hpAsia2
HEL_BA3897AA_AS,hpAsia2
HEL_BA3985AA_AS,hpAsia2
HEL_BA4205AA_AS,hpAsia2
HEL_BA4975AA_AS,hpAsia2
HEL_BA5155AA_AS,hpAsia2
HEL_BA5162AA_AS,hpAsia2
HEL_BA5164AA_AS,hpAsia2
HEL_BA5166AA_AS,hpAsia2
HEL_BA5168AA_AS,hpAsia2
HEL_BA5172AA_AS,hpAsia2
HEL_BA5173AA_AS,hpAsia2
HEL_BA5174AA_AS,hpAsia2
HEL_BA5180AA_AS,hpAsia2
HEL_BA5182AA_AS,hpAsia2
HEL_BA5359AA_AS,hpAsia2
HEL_BA5443AA_AS,hpAsia2
HEL_BA5450AA_AS,hpAsia2
HEL_BA5455AA_AS,hpAsia2
HEL_BA5586AA_AS,hpAsia2
HEL_BA5587AA_AS,hpAsia2
HEL_BA5596AA_AS,hpAsia2
HEL_BA5601AA_AS,hpAsia2
HEL_BA5603AA_AS,hpAsia2
HEL_BA5609AA_AS,hpAsia2
HEL_BA5668AA_AS,hpAsia2
HEL_BA5769AA_AS,hpAsia2
HEL_BA7799AA_AS,hpAsia2
HEL_BA7801AA_AS,hpAsia2
HEL_BA8057AA_AS,hpAsia2
HEL_BA8064AA_AS,hpAsia2
HEL_BA8068AA_AS,hpAsia2
HEL_BA8096AA_AS,hpAsia2
HEL_BA8121AA_AS,hpAsia2
HEL_BA8203AA_AS,hpAsia2
HEL_BA8204AA_AS,hpAsia2
HEL_BA8206AA_AS,hpAsia2
HEL_BA8219AA_AS,hpAsia2
HEL_BA8387AA_AS,hpAsia2
HEL_BA8890AA_AS,hpAsia2
HEL_BA9186AA_AS,hpAsia2
HEL_BA9229AA_AS,hpAsia2
HEL_BA9638AA_AS,hpAsia2
HEL_CA0026AA_AS,hpAsia2
HEL_CA0027AA_AS,hpAsia2
HEL_CA0028AA_AS,hpAsia2
HEL_CA0029AA_AS,hpAsia2
HEL_CA0034AA_AS,hpAsia2
HEL_CA0035AA_AS,hpAsia2
HEL_CA0037AA_AS,hpAsia2
HEL_CA3137AA_AS,hpAsia2
HEL_CA3155AA_AS,hpAsia2
HEL_CA3158AA_AS,hpAsia2
HEL_CA3159AA_AS,hpAsia2
HEL_CA3161AA_AS,hpAsia2
HEL_CA3169AA_AS,hpAsia2
HEL_CA3177AA_AS,hpAsia2
HEL_CA3186AA_AS,hpAsia2
HEL_CA3187AA_AS,hpAsia2
HEL_CA3196AA_AS,hpAsia2
HEL_CA3199AA_AS,hpAsia2
HEL_CA3205AA_AS,hpAsia2
HEL_CA3210AA_AS,hpAsia2
HEL_CA3218AA_AS,hpAsia2
HEL_CA3231AA_AS,hpAsia2
HEL_CA3232AA_AS,hpAsia2
HEL_CA3234AA_AS,hpAsia2
HEL_CA3237AA_AS,hpAsia2
HEL_CA3238AA_AS,hpAsia2
HEL_CA3239AA_AS,hpAsia2
HEL_CA3242AA_AS,hpAsia2
HEL_CA3243AA_AS,hpAsia2
HEL_CA3244AA_AS,hpAsia2
HEL_CA3245AA_AS,hpAsia2
HEL_CA3266AA_AS,hpAsia2
HEL_CA3282AA_AS,hpAsia2
HEL_CA3284AA_AS,hpAsia2
HEL_CA3285AA_AS,hpAsia2
HEL_CA3295AA_AS,hpAsia2
HEL_CA3297AA_AS,hpAsia2
HEL_CA3445AA_AS,hpAsia2
HEL_CA3500AA_AS,hpAsia2
HEL_CA3538AA_AS,hpAsia2
HEL_CA3672AA_AS,hpAsia2
HEL_CA3692AA_AS,hpAsia2
HEL_CA3693AA_AS,hpAsia2
HEL_CA3695AA_AS,hpAsia2
HEL_CA3707AA_AS,hpAsia2
HEL_CA3792AA_AS,hpAsia2
HEL_CA3794AA_AS,hpAsia2
HEL_CA4091AA_AS,hpAsia2
HEL_CA4101AA_AS,hpAsia2
HEL_CA4106AA_AS,hpAsia2
HEL_CA4135AA_AS,hpAsia2
HEL_CA4154AA_AS,hpAsia2
HEL_CA4420AA_AS,hpAsia2
HEL_CA4433AA_AS,hpAsia2
HEL_CA4520AA_AS,hpAsia2
HEL_CA4542AA_AS,hpAsia2
HEL_CA4546AA_AS,hpAsia2
HEL_CA4548AA_AS,hpAsia2
HEL_CA4550AA_AS,hpAsia2
HEL_CA4780AA_AS,hpAsia2
HEL_CA4781AA_AS,hpAsia2
HEL_CA4783AA_AS,hpAsia2
HEL_CA4789AA_AS,hpAsia2
HEL_CA4791AA_AS,hpAsia2
HEL_CA4795AA_AS,hpAsia2
HEL_CA4809AA_AS,hpAsia2
HEL_CA4811AA_AS,hpAsia2
HEL_CA4812AA_AS,hpAsia2
HEL_CA4813AA_AS,hpAsia2
HEL_CA4814AA_AS,hpAsia2
HEL_CA4817AA_AS,hpAsia2
HEL_CA4818AA_AS,hpAsia2
HEL_CA4820AA_AS,hpAsia2
HEL_CA4823AA_AS,hpAsia2
HEL_CA4826AA_AS,hpAsia2
HEL_CA4827AA_AS,hpAsia2
HEL_CA4829AA_AS,hpAsia2
HEL_CA4833AA_AS,hpAsia2
HEL_CA4836AA_AS,hpAsia2
HEL_CA4839AA_AS,hpAsia2
HEL_CA4844AA_AS,hpAsia2
HEL_CA5158AA_AS,hpAsia2
HEL_CA5413AA_AS,hpAsia2
HEL_CA5513AA_AS,hpAsia2
HEL_CA5584AA_AS,hpAsia2
HEL_CA5619AA_AS,hpAsia2
HEL_CA5646AA_AS,hpAsia2
HEL_CA5689AA_AS,hpAsia2
HEL_CA5817AA_AS,hpAsia2
HEL_CA5821AA_AS,hpAsia2
HEL_CA5827AA_AS,hpAsia2
HEL_CA5836AA_AS,hpAsia2
HEL_CA5842AA_AS,hpAsia2
HEL_CA5850AA_AS,hpAsia2
HEL_CA5854AA_AS,hpAsia2
HEL_CA5855AA_AS,hpAsia2
HEL_CA5870AA_AS,hpAsia2
HEL_CA5878AA_AS,hpAsia2
HEL_CA5887AA_AS,hpAsia2
HEL_CA5892AA_AS,hpAsia2
HEL_CA5897AA_AS,hpAsia2
HEL_CA5908AA_AS,hpAsia2
HEL_CA5911AA_AS,hpAsia2
HEL_CA5947AA_AS,hpAsia2
HEL_CA5962AA_AS,hpAsia2
HEL_CA5963AA_AS,hpAsia2
HEL_CA5965AA_AS,hpAsia2
HEL_CA5968AA_AS,hpAsia2
HEL_CA5969AA_AS,hpAsia2
HEL_CA5971AA_AS,hpAsia2
HEL_CA5973AA_AS,hpAsia2
HEL_CA5975AA_AS,hpAsia2
HEL_CA5976AA_AS,hpAsia2
HEL_CA5978AA_AS,hpAsia2
HEL_CA5979AA_AS,hpAsia2
HEL_CA5980AA_AS,hpAsia2
HEL_CA5981AA_AS,hpAsia2
HEL_CA5982AA_AS,hpAsia2
HEL_CA5983AA_AS,hpAsia2
HEL_CA5985AA_AS,hpAsia2
HEL_CA5986AA_AS,hpAsia2
HEL_CA5987AA_AS,hpAsia2
HEL_CA5988AA_AS,hpAsia2
HEL_CA5989AA_AS,hpAsia2
HEL_CA5992AA_AS,hpAsia2
HEL_CA5995AA_AS,hpAsia2
HEL_CA5996AA_AS,hpAsia2
HEL_CA6004AA_AS,hpAsia2
HEL_CA6015AA_AS,hpAsia2
HEL_CA6016AA_AS,hpAsia2
HEL_CA6017AA_AS,hpAsia2
HEL_CA6029AA_AS,hpAsia2
HEL_CA6031AA_AS,hpAsia2
HEL_CA6041AA_AS,hpAsia2
HEL_CA6049AA_AS,hpAsia2
HEL_CA6054AA_AS,hpAsia2
HEL_CA6061AA_AS,hpAsia2
HEL_CA6062AA_AS,hpAsia2
HEL_CA6063AA_AS,hpAsia2
HEL_CA6081AA_AS,hpAsia2
HEL_CA6098AA_AS,hpAsia2
HEL_CA6101AA_AS,hpAsia2
HEL_CA6103AA_AS,hpAsia2
HEL_CA6109AA_AS,hpAsia2
HEL_CA6110AA_AS,hpAsia2
HEL_CA6111AA_AS,hpAsia2
HEL_CA6112AA_AS,hpAsia2
HEL_CA6113AA_AS,hpAsia2
HEL_CA6114AA_AS,hpAsia2
HEL_CA6115AA_AS,hpAsia2
HEL_CA6117AA_AS,hpAsia2
HEL_CA6119AA_AS,hpAsia2
HEL_CA6122AA_AS,hpAsia2
HEL_CA6124AA_AS,hpAsia2
HEL_CA6127AA_AS,hpAsia2
HEL_CA6128AA_AS,hpAsia2
HEL_CA6130AA_AS,hpAsia2
HEL_CA6131AA_AS,hpAsia2
HEL_CA6138AA_AS,hpAsia2
HEL_CA6141AA_AS,hpAsia2
HEL_CA6142AA_AS,hpAsia2
HEL_CA6147AA_AS,hpAsia2
HEL_CA6148AA_AS,hpAsia2
HEL_CA6150AA_AS,hpAsia2
HEL_CA6153AA_AS,hpAsia2
HEL_CA6154AA_AS,hpAsia2
HEL_CA6162AA_AS,hpAsia2
HEL_CA6171AA_AS,hpAsia2
HEL_CA6176AA_AS,hpAsia2
HEL_CA6268AA_AS,hpAsia2
HEL_CA6269AA_AS,hpAsia2
HEL_CA6271AA_AS,hpAsia2
HEL_CA6273AA_AS,hpAsia2
HEL_CA6284AA_AS,hpAsia2
HEL_CA6285AA_AS,hpAsia2
HEL_CA6291AA_AS,hpAsia2
HEL_CA6432AA_AS,hpAsia2
HEL_CA6434AA_AS,hpAsia2
HEL_CA6439AA_AS,hpAsia2
HEL_CA6443AA_AS,hpAsia2
HEL_CA6444AA_AS,hpAsia2
HEL_CA6445AA_AS,hpAsia2
HEL_CA6446AA_AS,hpAsia2
HEL_CA6447AA_AS,hpAsia2
HEL_CA6452AA_AS,hpAsia2
HEL_CA6453AA_AS,hpAsia2
HEL_CA6461AA_AS,hpAsia2
HEL_CA6463AA_AS,hpAsia2
HEL_CA6466AA_AS,hpAsia2
HEL_CA6473AA_AS,hpAsia2
HEL_CA6478AA_AS,hpAsia2
HEL_CA6485AA_AS,hpAsia2
HEL_CA6489AA_AS,hpAsia2
HEL_CA6499AA_AS,hpAsia2
HEL_CA6509AA_AS,hpAsia2
HEL_CA6527AA_AS,hpAsia2
HEL_CA6718AA_AS,hpAsia2
HEL_CA6741AA_AS,hpAsia2
HEL_CA6752AA_AS,hpAsia2
HEL_CA6753AA_AS,hpAsia2
HEL_CA6756AA_AS,hpAsia2
HEL_CA6757AA_AS,hpAsia2
HEL_CA6758AA_AS,hpAsia2
HEL_CA6759AA_AS,hpAsia2
HEL_CA6761AA_AS,hpAsia2
HEL_CA6772AA_AS,hpAsia2
HEL_CA6775AA_AS,hpAsia2
HEL_CA6777AA_AS,hpAsia2
GCA_001939635.1,hpAsia2
GCA_001976105.1,hpAsia2
GCA_001976125.1,hpAsia2
GCA_006438625.1,hpAsia2
GCA_006439715.1,hpAsia2
GCA_006439735.1,hpAsia2
GCA_006439915.1,hpAsia2
GCA_006440095.1,hpAsia2
GCA_006440345.1,hpAsia2
GCA_013623955.1,hpAsia2
GCA_013623975.1,hpAsia2
GCA_013624035.1,hpAsia2
GCA_013624055.1,hpAsia2
GCA_013624065.1,hpAsia2
GCA_013624135.1,hpAsia2
GCA_013624155.1,hpAsia2
GCA_013624245.1,hpAsia2
GCA_013624275.1,hpAsia2
GCA_013624315.1,hpAsia2
GCA_024405915.1,hpAsia2
GCA_024409265.1,hpAsia2
GCA_024413715.1,hpAsia2
HEL_CA3249AA_AS,hpAsia2
HEL_CA3254AA_AS,hpAsia2
HEL_CA6039AA_AS,hpAsia2
HEL_CA6045AA_AS,hpAsia2
Mandalay03,hpAsia2
Mandalay30,hpAsia2
Myanmar51,hpAsia2
Myanmar52,hpAsia2
Myanmar66,hpAsia2
NP04,hpAsia2
NP05_107,hpAsia2
NP05_112,hpAsia2
NP05_121,hpAsia2
NP05_272,hpAsia2
NP05_278,hpAsia2
Yangon142,hpAsia2
Yangon179,hpAsia2
HEL_AA6066AA_AS,hpAsia2_Eco
HEL_AA0320AA_AS,hpAsia2_Eco
HEL_AA4493AA_AS,hpAsia2_Eco
HEL_AA5923AA_AS,hpAsia2_Eco
HEL_AA5924AA_AS,hpAsia2_Eco
HEL_AA5926AA_AS,hpAsia2_Eco
HEL_AA5950AA_AS,hpAsia2_Eco
HEL_AA5954AA_AS,hpAsia2_Eco
HEL_AA5974AA_AS,hpAsia2_Eco
HEL_AA5977AA_AS,hpAsia2_Eco
HEL_AA5978AA_AS,hpAsia2_Eco
HEL_AA6012AA_AS,hpAsia2_Eco
HEL_AA6019AA_AS,hpAsia2_Eco
HEL_AA6033AA_AS,hpAsia2_Eco
HEL_AA6038AA_AS,hpAsia2_Eco
HEL_AA6042AA_AS,hpAsia2_Eco
HEL_AA6043AA_AS,hpAsia2_Eco
HEL_AA6063AA_AS,hpAsia2_Eco
HEL_AA6083AA_AS,hpAsia2_Eco
HEL_AA6086AA_AS,hpAsia2_Eco
HEL_AA7222AA_AS,hpAsia2_Eco
HEL_AA7242AA_AS,hpAsia2_Eco
HEL_AA7320AA_AS,hpAsia2_Eco
HEL_AA7340AA_AS,hpAsia2_Eco
HEL_AA7388AA_AS,hpAsia2_Eco
HEL_BA8813AA_AS,hpAsia2_Eco
HEL_BA9314AA_AS,hpAsia2_Eco
HEL_BA9450AA_AS,hpAsia2_Eco
HEL_BA9687AA_AS,hpAsia2_Eco
HEL_BA9741AA_AS,hpAsia2_Eco
HEL_BA9836AA_AS,hpAsia2_Eco
HEL_CA3314AA_AS,hpAsia2_Eco
HEL_CA4837AA_AS,hpAsia2_Eco
HEL_CA4840AA_AS,hpAsia2_Eco
CB57,hpAsia2_Eco
HEL_AA7224AA_AS,hpNorthAsia
HEL_AA7249AA_AS,hpNorthAsia
HEL_BA9256AA_AS,hpNorthAsia
HEL_BA9308AA_AS,hpNorthAsia
HEL_BA9348AA_AS,hpNorthAsia
HEL_BA9391AA_AS,hpNorthAsia
HEL_BA9479AA_AS,hpNorthAsia
HEL_BA9614AA_AS,hpNorthAsia
HEL_BA9735AA_AS,hpNorthAsia
HEL_BA9841AA_AS,hpNorthAsia
HEL_AA0357AA_AS,hpNorthAsia
HEL_AA0369AA_AS,hpNorthAsia
HEL_CA0051AA_AS,hpNorthAsia
HEL_CA4870AA_AS,hpNorthAsia
GCA_015904565.1,hpNorthAsia
GCA_016755755.1,hpNorthAsia
HEL_AA5957AA_AS,hpNorthAsia
HEL_AA6049AA_AS,hpNorthAsia
HEL_AA7284AA_AS,hpNorthAsia
HEL_AA7373AA_AS,hpNorthAsia
HEL_BA8832AA_AS,hpNorthAsia
HEL_BA8868AA_AS,hpNorthAsia
HEL_BA8875AA_AS,hpNorthAsia
HEL_BA8880AA_AS,hpNorthAsia
HEL_BA8883AA_AS,hpNorthAsia
HEL_BA8932AA_AS,hpNorthAsia
HEL_BA9016AA_AS,hpNorthAsia
HEL_BA9036AA_AS,hpNorthAsia
HEL_BA9080AA_AS,hpNorthAsia
HEL_BA9098AA_AS,hpNorthAsia
HEL_BA9130AA_AS,hpNorthAsia
HEL_BA9138AA_AS,hpNorthAsia
HEL_BA9160AA_AS,hpNorthAsia
HEL_BA9162AA_AS,hpNorthAsia
HEL_BA9163AA_AS,hpNorthAsia
HEL_BA9166AA_AS,hpNorthAsia
HEL_BA9220AA_AS,hpNorthAsia
HEL_BA9299AA_AS,hpNorthAsia
HEL_BA9341AA_AS,hpNorthAsia
HEL_BA9379AA_AS,hpNorthAsia
HEL_BA9390AA_AS,hpNorthAsia
HEL_BA9411AA_AS,hpNorthAsia
HEL_BA9454AA_AS,hpNorthAsia
HEL_BA9534AA_AS,hpNorthAsia
HEL_BA9537AA_AS,hpNorthAsia
HEL_BA9649AA_AS,hpNorthAsia
HEL_BA9656AA_AS,hpNorthAsia
HEL_BA9667AA_AS,hpNorthAsia
HEL_BA9736AA_AS,hpNorthAsia
HEL_BA9748AA_AS,hpNorthAsia
HEL_BA9752AA_AS,hpNorthAsia
HEL_BA9759AA_AS,hpNorthAsia
HEL_BA9780AA_AS,hpNorthAsia
HEL_BA9797AA_AS,hpNorthAsia
HEL_CA0410AA_AS,hpNorthAsia
HEL_CA0615AA_AS,hpNorthAsia
HEL_CA0617AA_AS,hpNorthAsia
HEL_CA5111AA_AS,hpNorthAsia
HEL_CA5280AA_AS,hpNorthAsia
GCA_015904435.1,hpNorthAsia
GCA_016747995.1,hpNorthAsia
GCA_016748085.1,hpNorthAsia
GCA_016748265.1,hpNorthAsia
GCA_016748415.1,hpNorthAsia
GCA_016748925.1,hpNorthAsia
GCA_016749715.1,hpNorthAsia
GCA_016755655.1,hpNorthAsia
GCA_016755695.1,hpNorthAsia
GCA_016755715.1,hpNorthAsia
GCA_016755735.1,hpNorthAsia
GCA_016755775.1,hpNorthAsia
GCA_016755795.1,hpNorthAsia
GCA_016755815.1,hpNorthAsia
GCA_016757575.1,hpNorthAsia
GCA_016757595.1,hpNorthAsia
HEL_BA9303AA_AS,hpSahul
GCA_008304175.1,hpSahul
HEL_AA7348AA_AS,hpSahul
HEL_AA7353AA_AS,hpSahul
HEL_BA8954AA_AS,hpSahul
HEL_BA9784AA_AS,hpSahul
HEL_CA5464AA_AS,hpSahul
HEL_CA5514AA_AS,hpSahul
HEL_CA5542AA_AS,hpSahul
GCA_008304625.1,hpSahul
HEL_BA9707AA_AS,hpSahul
GCA_008304195.1,hpSahul
GCA_008304245.1,hpSahul
GCA_008304385.1,hpSahul
GCA_008304565.1,hpSahul
GCA_008304575.1,hpSahul
HEL_AA0315AA_AS,hpSahul
HEL_AA0317AA_AS,hpSahul
HEL_AA5952AA_AS,hpSahul
HEL_AA6010AA_AS,hpSahul
HEL_AA6024AA_AS,hpSahul
HEL_AA7239AA_AS,hpSahul
HEL_AA7261AA_AS,hpSahul
HEL_AA7281AA_AS,hpSahul
HEL_AA7330AA_AS,hpSahul
HEL_BA9236AA_AS,hpSahul
HEL_BA9332AA_AS,hpSahul
HEL_BA9408AA_AS,hpSahul
HEL_BA9658AA_AS,hpSahul
HEL_BA9674AA_AS,hpSahul
HEL_BA9842AA_AS,hpSahul
HEL_CA4500AA_AS,hpSahul
HEL_CA5497AA_AS,hpSahul
HEL_CA5555AA_AS,hpSahul
HEL_CA5565AA_AS,hpSahul
HEL_CA5566AA_AS,hpSahul
HEL_CA5652AA_AS,hpSahul
HEL_CA5657AA_AS,hpSahul
HEL_CA5660AA_AS,hpSahul
GCA_008304225.1,hpSahul
GCA_008304265.1,hpSahul
GCA_008304285.1,hpSahul
GCA_008304295.1,hpSahul
GCA_008304325.1,hpSahul
GCA_008304335.1,hpSahul
GCA_008304365.1,hpSahul
GCA_008304405.1,hpSahul
GCA_008304425.1,hpSahul
GCA_008304445.1,hpSahul
GCA_008304485.1,hpSahul
HEL_AA7220AA_AS,hpSiberia
HEL_AA7247AA_AS,hpSiberia
HEL_BA8921AA_AS,hpSiberia
HEL_BA9063AA_AS,hpSiberia
HEL_BA9415AA_AS,hpSiberia
HEL_BA9451AA_AS,hpSiberia
HEL_BA9626AA_AS,hpSiberia
HEL_BA9775AA_AS,hpSiberia
HEL_BA9776AA_AS,hpSiberia
HEL_BA9538AA_AS,hpSiberia
HEL_AA7241AA_AS,hpSiberia
HEL_AA7365AA_AS,hpSiberia
GCA_016749815.1,hpSiberia
GCA_016755615.1,hpSiberia
HEL_BA9266AA_AS,hpSiberia
HEL_AA7311AA_AS,hpSiberia
HEL_AA7343AA_AS,hpSiberia
HEL_BA8849AA_AS,hpSiberia
HEL_BA9070AA_AS,hpSiberia
HEL_BA9584AA_AS,hpSiberia
HEL_BA9722AA_AS,hpSiberia
HEL_BA9746AA_AS,hpSiberia
HEL_AA5934AA_AS,hpSiberia
HEL_AA5947AA_AS,hpSiberia
HEL_AA5959AA_AS,hpSiberia
HEL_AA5961AA_AS,hpSiberia
HEL_AA5994AA_AS,hpSiberia
HEL_AA5995AA_AS,hpSiberia
HEL_AA6051AA_AS,hpSiberia
HEL_AA6057AA_AS,hpSiberia
HEL_AA6089AA_AS,hpSiberia
HEL_AA6091AA_AS,hpSiberia
HEL_AA6092AA_AS,hpSiberia
HEL_AA7221AA_AS,hpSiberia
HEL_AA7226AA_AS,hpSiberia
HEL_AA7243AA_AS,hpSiberia
HEL_AA7246AA_AS,hpSiberia
HEL_AA7250AA_AS,hpSiberia
HEL_AA7252AA_AS,hpSiberia
HEL_AA7264AA_AS,hpSiberia
HEL_AA7274AA_AS,hpSiberia
HEL_AA7282AA_AS,hpSiberia
HEL_AA7295AA_AS,hpSiberia
HEL_AA7314AA_AS,hpSiberia
HEL_AA7332AA_AS,hpSiberia
HEL_AA7357AA_AS,hpSiberia
HEL_AA7367AA_AS,hpSiberia
HEL_AA7372AA_AS,hpSiberia
HEL_AA7380AA_AS,hpSiberia
HEL_BA8279AA_AS,hpSiberia
HEL_BA8812AA_AS,hpSiberia
HEL_BA8814AA_AS,hpSiberia
HEL_BA8815AA_AS,hpSiberia
HEL_BA8823AA_AS,hpSiberia
HEL_BA8825AA_AS,hpSiberia
HEL_BA8829AA_AS,hpSiberia
HEL_BA8830AA_AS,hpSiberia
HEL_BA8842AA_AS,hpSiberia
HEL_BA8847AA_AS,hpSiberia
HEL_BA8856AA_AS,hpSiberia
HEL_BA8858AA_AS,hpSiberia
HEL_BA8860AA_AS,hpSiberia
HEL_BA8861AA_AS,hpSiberia
HEL_BA8872AA_AS,hpSiberia
HEL_BA8889AA_AS,hpSiberia
HEL_BA8911AA_AS,hpSiberia
HEL_BA8914AA_AS,hpSiberia
HEL_BA8915AA_AS,hpSiberia
HEL_BA8956AA_AS,hpSiberia
HEL_BA8957AA_AS,hpSiberia
HEL_BA8958AA_AS,hpSiberia
HEL_BA8959AA_AS,hpSiberia
HEL_BA8962AA_AS,hpSiberia
HEL_BA8976AA_AS,hpSiberia
HEL_BA8993AA_AS,hpSiberia
HEL_BA9018AA_AS,hpSiberia
HEL_BA9027AA_AS,hpSiberia
HEL_BA9032AA_AS,hpSiberia
HEL_BA9037AA_AS,hpSiberia
HEL_BA9042AA_AS,hpSiberia
HEL_BA9047AA_AS,hpSiberia
HEL_BA9049AA_AS,hpSiberia
HEL_BA9058AA_AS,hpSiberia
HEL_BA9059AA_AS,hpSiberia
HEL_BA9079AA_AS,hpSiberia
HEL_BA9085AA_AS,hpSiberia
HEL_BA9095AA_AS,hpSiberia
HEL_BA9096AA_AS,hpSiberia
HEL_BA9115AA_AS,hpSiberia
HEL_BA9129AA_AS,hpSiberia
HEL_BA9140AA_AS,hpSiberia
HEL_BA9153AA_AS,hpSiberia
HEL_BA9167AA_AS,hpSiberia
HEL_BA9170AA_AS,hpSiberia
HEL_BA9175AA_AS,hpSiberia
HEL_BA9176AA_AS,hpSiberia
HEL_BA9184AA_AS,hpSiberia
HEL_BA9208AA_AS,hpSiberia
HEL_BA9209AA_AS,hpSiberia
HEL_BA9218AA_AS,hpSiberia
HEL_BA9244AA_AS,hpSiberia
HEL_BA9249AA_AS,hpSiberia
HEL_BA9253AA_AS,hpSiberia
HEL_BA9259AA_AS,hpSiberia
HEL_BA9261AA_AS,hpSiberia
HEL_BA9301AA_AS,hpSiberia
HEL_BA9302AA_AS,hpSiberia
HEL_BA9304AA_AS,hpSiberia
HEL_BA9315AA_AS,hpSiberia
HEL_BA9321AA_AS,hpSiberia
HEL_BA9333AA_AS,hpSiberia
HEL_BA9339AA_AS,hpSiberia
HEL_BA9347AA_AS,hpSiberia
HEL_BA9354AA_AS,hpSiberia
HEL_BA9383AA_AS,hpSiberia
HEL_BA9398AA_AS,hpSiberia
HEL_BA9404AA_AS,hpSiberia
HEL_BA9406AA_AS,hpSiberia
HEL_BA9407AA_AS,hpSiberia
HEL_BA9410AA_AS,hpSiberia
HEL_BA9437AA_AS,hpSiberia
HEL_BA9440AA_AS,hpSiberia
HEL_BA9443AA_AS,hpSiberia
HEL_BA9445AA_AS,hpSiberia
HEL_BA9471AA_AS,hpSiberia
HEL_BA9476AA_AS,hpSiberia
HEL_BA9483AA_AS,hpSiberia
HEL_BA9487AA_AS,hpSiberia
HEL_BA9544AA_AS,hpSiberia
HEL_BA9545AA_AS,hpSiberia
HEL_BA9546AA_AS,hpSiberia
HEL_BA9556AA_AS,hpSiberia
HEL_BA9562AA_AS,hpSiberia
HEL_BA9564AA_AS,hpSiberia
HEL_BA9566AA_AS,hpSiberia
HEL_BA9568AA_AS,hpSiberia
HEL_BA9569AA_AS,hpSiberia
HEL_BA9571AA_AS,hpSiberia
HEL_BA9575AA_AS,hpSiberia
HEL_BA9576AA_AS,hpSiberia
HEL_BA9592AA_AS,hpSiberia
HEL_BA9603AA_AS,hpSiberia
HEL_BA9605AA_AS,hpSiberia
HEL_BA9606AA_AS,hpSiberia
HEL_BA9607AA_AS,hpSiberia
HEL_BA9608AA_AS,hpSiberia
HEL_BA9611AA_AS,hpSiberia
HEL_BA9612AA_AS,hpSiberia
HEL_BA9627AA_AS,hpSiberia
HEL_BA9628AA_AS,hpSiberia
HEL_BA9636AA_AS,hpSiberia
HEL_BA9640AA_AS,hpSiberia
HEL_BA9641AA_AS,hpSiberia
HEL_BA9650AA_AS,hpSiberia
HEL_BA9651AA_AS,hpSiberia
HEL_BA9653AA_AS,hpSiberia
HEL_BA9671AA_AS,hpSiberia
HEL_BA9676AA_AS,hpSiberia
HEL_BA9686AA_AS,hpSiberia
HEL_BA9690AA_AS,hpSiberia
HEL_BA9706AA_AS,hpSiberia
HEL_BA9732AA_AS,hpSiberia
HEL_BA9739AA_AS,hpSiberia
HEL_BA9760AA_AS,hpSiberia
HEL_BA9761AA_AS,hpSiberia
HEL_BA9770AA_AS,hpSiberia
HEL_BA9773AA_AS,hpSiberia
HEL_BA9774AA_AS,hpSiberia
HEL_BA9807AA_AS,hpSiberia
HEL_BA9814AA_AS,hpSiberia
HEL_BA9837AA_AS,hpSiberia
HEL_BA9838AA_AS,hpSiberia
HEL_CA0258AA_AS,hpSiberia
HEL_CA0261AA_AS,hpSiberia
HEL_CA0264AA_AS,hpSiberia
HEL_CA0266AA_AS,hpSiberia
HEL_CA0270AA_AS,hpSiberia
HEL_CA0278AA_AS,hpSiberia
HEL_CA0285AA_AS,hpSiberia
HEL_CA0289AA_AS,hpSiberia
HEL_CA4655AA_AS,hpSiberia
HEL_CA4665AA_AS,hpSiberia
HEL_CA4675AA_AS,hpSiberia
HEL_CA5146AA_AS,hpSiberia
HEL_CA5162AA_AS,hpSiberia
HEL_CA5762AA_AS,hpSiberia
HEL_CA6210AA_AS,hpSiberia
GCA_014496865.1,hpSiberia
GCA_014496885.1,hpSiberia
GCA_014496905.1,hpSiberia
GCA_014498555.1,hpSiberia
GCA_016755675.1,hpSiberia
GCA_016757555.1,hpSiberia
HEL_BA9830AA_AS,hpSiberia
HEL_AA7337AA_AS,hspIndigenousNAmerica
GCA_014498605.1,hspIndigenousNAmerica
HEL_BA9669AA_AS,hspIndigenousNAmerica
HEL_BA9778AA_AS,hspIndigenousNAmerica
GCA_014497495.1,hspIndigenousNAmerica
GCA_014497585.1,hspIndigenousNAmerica
GCA_014498465.1,hspIndigenousNAmerica
GCA_014498475.1,hspIndigenousNAmerica
GCA_014498545.1,hspIndigenousNAmerica
GCA_014498585.1,hspIndigenousNAmerica
GCA_014498655.1,hspIndigenousNAmerica
HEL_AA0336AA_AS,hspIndigenousNAmerica
HEL_AA5916AA_AS,hspIndigenousNAmerica
HEL_AA5967AA_AS,hspIndigenousNAmerica
HEL_AA6016AA_AS,hspIndigenousNAmerica
HEL_AA6037AA_AS,hspIndigenousNAmerica
HEL_AA6482AA_AS,hspIndigenousNAmerica
HEL_AA7297AA_AS,hspIndigenousNAmerica
HEL_AA7355AA_AS,hspIndigenousNAmerica
HEL_BA8817AA_AS,hspIndigenousNAmerica
HEL_BA9060AA_AS,hspIndigenousNAmerica
HEL_BA9127AA_AS,hspIndigenousNAmerica
HEL_BA9172AA_AS,hspIndigenousNAmerica
HEL_BA9243AA_AS,hspIndigenousNAmerica
HEL_BA9258AA_AS,hspIndigenousNAmerica
HEL_BA9287AA_AS,hspIndigenousNAmerica
HEL_BA9526AA_AS,hspIndigenousNAmerica
HEL_BA9629AA_AS,hspIndigenousNAmerica
HEL_BA9726AA_AS,hspIndigenousNAmerica
HEL_BA9750AA_AS,hspIndigenousNAmerica
HEL_CA3608AA_AS,hspIndigenousNAmerica
HEL_CA4109AA_AS,hspIndigenousNAmerica
HEL_CA4369AA_AS,hspIndigenousNAmerica
HEL_CA4371AA_AS,hspIndigenousNAmerica
HEL_CA4377AA_AS,hspIndigenousNAmerica
HEL_CA4387AA_AS,hspIndigenousNAmerica
HEL_CA4389AA_AS,hspIndigenousNAmerica
HEL_CA4391AA_AS,hspIndigenousNAmerica
HEL_CA4393AA_AS,hspIndigenousNAmerica
GCA_014498615.1,hspIndigenousNAmerica
HEL_AA0337AA_AS,hspIndigenousNAmerica
HEL_AA6006AA_AS,hspIndigenousNAmerica
HEL_AA6077AA_AS,hspIndigenousNAmerica
HEL_AA7212AA_AS,hspIndigenousNAmerica
HEL_AA7214AA_AS,hspIndigenousNAmerica
HEL_AA7283AA_AS,hspIndigenousNAmerica
HEL_AA7339AA_AS,hspIndigenousNAmerica
HEL_AA7389AA_AS,hspIndigenousNAmerica
HEL_BA8864AA_AS,hspIndigenousNAmerica
HEL_BA9040AA_AS,hspIndigenousNAmerica
HEL_BA9159AA_AS,hspIndigenousNAmerica
HEL_BA9234AA_AS,hspIndigenousNAmerica
HEL_BA9263AA_AS,hspIndigenousNAmerica
HEL_BA9448AA_AS,hspIndigenousNAmerica
HEL_BA9467AA_AS,hspIndigenousNAmerica
HEL_BA9472AA_AS,hspIndigenousNAmerica
HEL_BA9514AA_AS,hspIndigenousNAmerica
HEL_BA9518AA_AS,hspIndigenousNAmerica
HEL_BA9559AA_AS,hspIndigenousNAmerica
HEL_BA9621AA_AS,hspIndigenousNAmerica
HEL_BA9819AA_AS,hspIndigenousNAmerica
HEL_CA0045AA_AS,hspIndigenousNAmerica
HEL_CA0046AA_AS,hspIndigenousNAmerica
HEL_CA0047AA_AS,hspIndigenousNAmerica
HEL_CA0052AA_AS,hspIndigenousNAmerica
HEL_CA0053AA_AS,hspIndigenousNAmerica
HEL_CA0054AA_AS,hspIndigenousNAmerica
HEL_CA0057AA_AS,hspIndigenousNAmerica
HEL_CA4125AA_AS,hspIndigenousNAmerica
HEL_CA4386AA_AS,hspIndigenousNAmerica
HEL_CA4397AA_AS,hspIndigenousNAmerica
HEL_CA3604AA_AS,hspIndigenousNAmerica
HEL_BA9677AA_AS,hspIndigenousNAmerica
HEL_CA4242AA_AS,hspIndigenousSAmerica
HEL_CA4253AA_AS,hspIndigenousSAmerica
HEL_AA0344AA_AS,hspIndigenousSAmerica
HEL_AA0345AA_AS,hspIndigenousSAmerica
HEL_AA0346AA_AS,hspIndigenousSAmerica
HEL_AA0358AA_AS,hspIndigenousSAmerica
HEL_AA0365AA_AS,hspIndigenousSAmerica
HEL_AA0370AA_AS,hspIndigenousSAmerica
HEL_AA0375AA_AS,hspIndigenousSAmerica
HEL_AA0406AA_AS,hspIndigenousSAmerica
HEL_AA5917AA_AS,hspIndigenousSAmerica
HEL_AA5991AA_AS,hspIndigenousSAmerica
HEL_AA6511AA_AS,hspIndigenousSAmerica
HEL_AA6759AA_AS,hspIndigenousSAmerica
HEL_BA9067AA_AS,hspIndigenousSAmerica
HEL_BA9076AA_AS,hspIndigenousSAmerica
HEL_BA9201AA_AS,hspIndigenousSAmerica
HEL_BA9433AA_AS,hspIndigenousSAmerica
HEL_CA0050AA_AS,hspIndigenousSAmerica
HEL_CA3748AA_AS,hspIndigenousSAmerica
HEL_CA4799AA_AS,hspIndigenousSAmerica
HEL_CA4845AA_AS,hspIndigenousSAmerica
HEL_CA4848AA_AS,hspIndigenousSAmerica
HEL_CA4864AA_AS,hspIndigenousSAmerica
HEL_CA4878AA_AS,hspIndigenousSAmerica
HEL_CA5635AA_AS,hspIndigenousSAmerica
HEL_CA6055AA_AS,hspIndigenousSAmerica
HEL_CA6057AA_AS,hspIndigenousSAmerica
HEL_CA5057AA_AS,hspIndigenousSAmerica
HEL_AA7341AA_AS,hspUral
HEL_BA9169AA_AS,hspUral
HEL_BA9260AA_AS,hspUral
HEL_BA9294AA_AS,hspUral
HEL_BA9683AA_AS,hspUral
HEL_BA9734AA_AS,hspUral
HEL_BA9825AA_AS,hspUral
HEL_BA9792AA_AS,hspUral
HEL_AA7323AA_AS,hspUral
HEL_AA7324AA_AS,hspUral
HEL_AA7342AA_AS,hspUral
HEL_BA8918AA_AS,hspUral
HEL_BA8996AA_AS,hspUral
HEL_BA9014AA_AS,hspUral
HEL_BA9046AA_AS,hspUral
HEL_BA9122AA_AS,hspUral
HEL_BA9604AA_AS,hspUral
HEL_BA9705AA_AS,hspUral
HEL_CA4392AA_AS,hspUral
HEL_CA4399AA_AS,hspUral
HEL_CA4738AA_AS,hspUral
HEL_CA4170AA_AS,hspUral
T028,R
T082,R
T153,R
T155,R
T164,R
T197,R
T237,R
T246,R
T254,R
T299,R
HEL_AA5929AA_AS,R
HEL_AA5930AA_AS,R
HEL_AA5953AA_AS,R
HEL_AA6040AA_AS,R
HEL_AA6046AA_AS,R
HEL_AA7273AA_AS,R
HEL_BA4732AA_AS,R
HEL_BA9666AA_AS,R
HEL_CA0322AA_AS,R
HEL_CA3274AA_AS,R
HEL_CA3277AA_AS,R
HEL_CA3291AA_AS,R
HEL_CA3292AA_AS,R
HEL_CA3319AA_AS,R
HEL_CA3341AA_AS,R
HEL_CA3344AA_AS,R
HEL_CA3358AA_AS,R
HEL_CA3359AA_AS,R
HEL_CA3367AA_AS,R
HEL_CA3369AA_AS,R
HEL_CA3371AA_AS,R
HEL_CA3384AA_AS,R
HEL_CA3385AA_AS,R
HEL_CA3390AA_AS,R
HEL_CA3408AA_AS,R
HEL_CA3415AA_AS,R
HEL_CA3436AA_AS,R
HEL_CA3437AA_AS,R
HEL_CA3448AA_AS,R
HEL_CA3455AA_AS,R
HEL_CA3456AA_AS,R
HEL_CA3460AA_AS,R
HEL_CA3465AA_AS,R
HEL_CA3466AA_AS,R
HEL_CA3474AA_AS,R
HEL_CA3475AA_AS,R
HEL_CA3476AA_AS,R
HEL_CA3478AA_AS,R
HEL_CA3481AA_AS,R
HEL_CA3483AA_AS,R
HEL_CA3487AA_AS,R
HEL_CA3491AA_AS,R
HEL_CA3493AA_AS,R
HEL_CA3494AA_AS,R
HEL_CA3497AA_AS,R
HEL_CA3502AA_AS,R
HEL_CA3506AA_AS,R
HEL_CA3520AA_AS,R
HEL_CA3521AA_AS,R
HEL_CA3523AA_AS,R
HEL_CA3527AA_AS,R
HEL_CA3530AA_AS,R
HEL_CA3537AA_AS,R
HEL_CA3539AA_AS,R
HEL_CA3542AA_AS,R
HEL_CA3545AA_AS,R
HEL_CA3547AA_AS,R
HEL_CA3548AA_AS,R
HEL_CA3552AA_AS,R
HEL_CA3554AA_AS,R
HEL_CA3555AA_AS,R
HEL_CA3556AA_AS,R
HEL_CA3560AA_AS,R
HEL_CA3566AA_AS,R
HEL_CA3583AA_AS,R
HEL_CA4011AA_AS,R
HEL_CA4025AA_AS,R
HEL_CA4026AA_AS,R
HEL_CA4032AA_AS,R
HEL_CA4042AA_AS,R
HEL_CA4054AA_AS,R
HEL_CA4057AA_AS,R
HEL_CA4067AA_AS,R
HEL_CA4070AA_AS,R
HEL_CA4074AA_AS,R
HEL_CA4081AA_AS,R
HEL_CA4083AA_AS,R
HEL_CA4090AA_AS,R
HEL_CA4092AA_AS,R
HEL_CA4120AA_AS,R
HEL_CA4140AA_AS,R
HEL_CA4143AA_AS,R
HEL_CA4158AA_AS,R
HEL_CA4214AA_AS,R
HEL_CA4222AA_AS,R
HEL_CA4367AA_AS,R
HEL_CA4424AA_AS,R
HEL_CA4425AA_AS,R
HEL_CA4441AA_AS,R
HEL_CA4444AA_AS,R
HEL_CA6144AA_AS,R
HEL_CA6762AA_AS,R
HEL_CA6854AA_AS,R
CB10,R
CB11,R
CB12,R
CB13,R
CB15,R
CB16,R
CB18,R
CB19,R
CB2,R
CB20,R
CB21,R
CB22,R
CB23,R
CB24,R
CB25,R
CB27,R
CB28,R
CB29,R
CB3,R
CB30,R
CB32,R
CB33,R
CB34,R
CB36,R
CB37,R
CB38,R
CB39,R
CB4,R
CB41,R
CB42,R
CB44,R
CB45,R
CB46,R
CB47,R
CB48,R
CB49,R
CB5,R
CB50,R
CB51,R
CB52,R
CB53,R
CB54,R
CB55,R
CB58,R
CB59,R
CB6,R
CB60,R
CB61,R
CB62,R
CB63,R
CB64,R
CB66,R
CB67,R
CB68,R
CB69,R
CB7,R
CB72,R
CB73,R
CB74,R
CB75,R
CB76,R
CB77,R
CB79,R
CB8,R
CB80,R
CB81,R
CB82,R
CB83,R
CB84,R
CB85,R
CB86,R
CB87,R
CB88,R
CB89,R
CB9,R
CB90,R
T012,R
T019,R
T020,R
T022,R
T026,R
T029,R
T031,R
T063,R
T073,R
T076,R
T085,R
T088,R
T100,R
T102,R
T103,R
T107,R
T108,R
T109,R
T111,R
T122,R
T123,R
T125,R
T127,R
T130,R
T134,R
T138,R
T146,R
T151,R
T157,R
T158,R
T159,R
T163,R
T165,R
T166,R
T168,R
T170,R
T174,R
T175,R
T181,R
T190,R
T191,R
T192,R
T194,R
T201,R
T202,R
T210,R
T211,R
T212,R
T213,R
T216,R
T217,R
T220,R
T223,R
T226,R
T228,R
T229,R
T234,R
T236,R
T238,R
T239,R
T242a,R
T247,R
T250,R
T256,R
T257,R
T258,R
T260,R
T261,R
T262,R
T264,R
T266,R
T267,R
T268,R
T271,R
T277,R
T279,R
T281,R
T290,R
T293,R
T294,R
T298,R
T300,R
T302,R
T303,R
T311,R
T319,R
T320,R
HEL_CA3324AA_AS,R
HEL_CA3365AA_AS,R
HEL_CA3387AA_AS,R
HEL_CA3428AA_AS,R
HEL_CA3477AA_AS,R
HEL_CA3510AA_AS,R
HEL_CA3516AA_AS,R
HEL_CA3550AA_AS,R
HEL_CA4195AA_AS,R
HEL_CA4312AA_AS,R
HEL_CA3270AA_AS,R
HEL_CA3272AA_AS,R
HEL_CA3275AA_AS,R
HEL_CA3278AA_AS,R
HEL_CA3279AA_AS,R
HEL_CA3280AA_AS,R
HEL_CA3283AA_AS,R
HEL_CA3286AA_AS,R
HEL_CA3288AA_AS,R
HEL_CA3289AA_AS,R
HEL_CA3290AA_AS,R
HEL_CA3294AA_AS,R
HEL_CA3296AA_AS,R
HEL_CA3298AA_AS,R
HEL_CA3299AA_AS,R
HEL_CA3300AA_AS,R
HEL_CA3301AA_AS,R
HEL_CA3302AA_AS,R
HEL_CA3303AA_AS,R
HEL_CA3304AA_AS,R
HEL_CA3305AA_AS,R
HEL_CA3306AA_AS,R
HEL_CA3307AA_AS,R
HEL_CA3308AA_AS,R
HEL_CA3309AA_AS,R
HEL_CA3310AA_AS,R
HEL_CA3311AA_AS,R
HEL_CA3313AA_AS,R
HEL_CA3315AA_AS,R
HEL_CA3316AA_AS,R
HEL_CA3318AA_AS,R
HEL_CA3320AA_AS,R
HEL_CA3321AA_AS,R
HEL_CA3322AA_AS,R
HEL_CA3323AA_AS,R
HEL_CA3325AA_AS,R
HEL_CA3326AA_AS,R
HEL_CA3327AA_AS,R
HEL_CA3328AA_AS,R
HEL_CA3329AA_AS,R
HEL_CA3330AA_AS,R
HEL_CA3332AA_AS,R
HEL_CA3333AA_AS,R
HEL_CA3334AA_AS,R
HEL_CA3335AA_AS,R
HEL_CA3336AA_AS,R
HEL_CA3337AA_AS,R
HEL_CA3338AA_AS,R
HEL_CA3339AA_AS,R
HEL_CA3340AA_AS,R
HEL_CA3343AA_AS,R
HEL_CA3346AA_AS,R
HEL_CA3347AA_AS,R
HEL_CA3350AA_AS,R
HEL_CA3351AA_AS,R
HEL_CA3352AA_AS,R
HEL_CA3353AA_AS,R
HEL_CA3354AA_AS,R
HEL_CA3355AA_AS,R
HEL_CA3357AA_AS,R
HEL_CA3360AA_AS,R
HEL_CA3363AA_AS,R
HEL_CA3364AA_AS,R
HEL_CA3366AA_AS,R
HEL_CA3368AA_AS,R
HEL_CA3370AA_AS,R
HEL_CA3372AA_AS,R
HEL_CA3373AA_AS,R
HEL_CA3375AA_AS,R
HEL_CA3376AA_AS,R
HEL_CA3377AA_AS,R
HEL_CA3378AA_AS,R
HEL_CA3379AA_AS,R
HEL_CA3381AA_AS,R
HEL_CA3382AA_AS,R
HEL_CA3383AA_AS,R
HEL_CA3386AA_AS,R
HEL_CA3388AA_AS,R
HEL_CA3389AA_AS,R
HEL_CA3391AA_AS,R
HEL_CA3392AA_AS,R
HEL_CA3393AA_AS,R
HEL_CA3394AA_AS,R
HEL_CA3395AA_AS,R
HEL_CA3396AA_AS,R
HEL_CA3397AA_AS,R
HEL_CA3398AA_AS,R
HEL_CA3399AA_AS,R
HEL_CA3400AA_AS,R
HEL_CA3401AA_AS,R
HEL_CA3403AA_AS,R
HEL_CA3404AA_AS,R
HEL_CA3405AA_AS,R
HEL_CA3406AA_AS,R
HEL_CA3407AA_AS,R
HEL_CA3410AA_AS,R
HEL_CA3411AA_AS,R
HEL_CA3413AA_AS,R
HEL_CA3414AA_AS,R
HEL_CA3417AA_AS,R
HEL_CA3419AA_AS,R
HEL_CA3420AA_AS,R
HEL_CA3421AA_AS,R
HEL_CA3422AA_AS,R
HEL_CA3423AA_AS,R
HEL_CA3424AA_AS,R
HEL_CA3425AA_AS,R
HEL_CA3426AA_AS,R
HEL_CA3427AA_AS,R
HEL_CA3429AA_AS,R
HEL_CA3430AA_AS,R
HEL_CA3431AA_AS,R
HEL_CA3432AA_AS,R
HEL_CA3433AA_AS,R
HEL_CA3434AA_AS,R
HEL_CA3435AA_AS,R
HEL_CA3438AA_AS,R
HEL_CA3439AA_AS,R
HEL_CA3440AA_AS,R
HEL_CA3441AA_AS,R
HEL_CA3443AA_AS,R
HEL_CA3444AA_AS,R
HEL_CA3447AA_AS,R
HEL_CA3449AA_AS,R
HEL_CA3450AA_AS,R
HEL_CA3451AA_AS,R
HEL_CA3452AA_AS,R
HEL_CA3453AA_AS,R
HEL_CA3454AA_AS,R
HEL_CA3457AA_AS,R
HEL_CA3458AA_AS,R
HEL_CA3459AA_AS,R
HEL_CA3462AA_AS,R
HEL_CA3463AA_AS,R
HEL_CA3464AA_AS,R
HEL_CA3467AA_AS,R
HEL_CA3471AA_AS,R
HEL_CA3473AA_AS,R
HEL_CA3479AA_AS,R
HEL_CA3480AA_AS,R
HEL_CA3496AA_AS,R
HEL_CA3498AA_AS,R
HEL_CA3499AA_AS,R
HEL_CA3501AA_AS,R
HEL_CA3503AA_AS,R
HEL_CA3509AA_AS,R
HEL_CA3512AA_AS,R
HEL_CA3513AA_AS,R
HEL_CA3514AA_AS,R
HEL_CA3515AA_AS,R
HEL_CA3518AA_AS,R
HEL_CA3519AA_AS,R
HEL_CA3524AA_AS,R
HEL_CA3525AA_AS,R
HEL_CA3526AA_AS,R
HEL_CA3528AA_AS,R
HEL_CA3529AA_AS,R
HEL_CA3532AA_AS,R
HEL_CA3533AA_AS,R
HEL_CA3536AA_AS,R
HEL_CA3540AA_AS,R
HEL_CA3541AA_AS,R
HEL_CA3544AA_AS,R
HEL_CA3546AA_AS,R
HEL_CA3551AA_AS,R
HEL_CA3553AA_AS,R
HEL_CA3559AA_AS,R
HEL_CA3561AA_AS,R
HEL_CA3562AA_AS,R
HEL_CA3564AA_AS,R
HEL_CA3565AA_AS,R
HEL_CA3567AA_AS,R
HEL_CA3568AA_AS,R
HEL_CA3570AA_AS,R
HEL_CA3571AA_AS,R
HEL_CA3573AA_AS,R
HEL_CA3585AA_AS,R
HEL_CA3747AA_AS,R
HEL_CA3799AA_AS,R
HEL_CA4008AA_AS,R
HEL_CA4009AA_AS,R
HEL_CA4010AA_AS,R
HEL_CA4012AA_AS,R
HEL_CA4013AA_AS,R
HEL_CA4014AA_AS,R
HEL_CA4015AA_AS,R
HEL_CA4016AA_AS,R
HEL_CA4017AA_AS,R
HEL_CA4018AA_AS,R
HEL_CA4019AA_AS,R
HEL_CA4020AA_AS,R
HEL_CA4022AA_AS,R
HEL_CA4023AA_AS,R
HEL_CA4024AA_AS,R
HEL_CA4027AA_AS,R
HEL_CA4028AA_AS,R
HEL_CA4029AA_AS,R
HEL_CA4030AA_AS,R
HEL_CA4031AA_AS,R
HEL_CA4033AA_AS,R
HEL_CA4034AA_AS,R
HEL_CA4035AA_AS,R
HEL_CA4036AA_AS,R
HEL_CA4038AA_AS,R
HEL_CA4039AA_AS,R
HEL_CA4040AA_AS,R
HEL_CA4043AA_AS,R
HEL_CA4044AA_AS,R
HEL_CA4045AA_AS,R
HEL_CA4047AA_AS,R
HEL_CA4048AA_AS,R
HEL_CA4050AA_AS,R
HEL_CA4051AA_AS,R
HEL_CA4052AA_AS,R
HEL_CA4053AA_AS,R
HEL_CA4055AA_AS,R
HEL_CA4056AA_AS,R
HEL_CA4058AA_AS,R
HEL_CA4059AA_AS,R
HEL_CA4060AA_AS,R
HEL_CA4061AA_AS,R
HEL_CA4062AA_AS,R
HEL_CA4063AA_AS,R
HEL_CA4064AA_AS,R
HEL_CA4068AA_AS,R
HEL_CA4069AA_AS,R
HEL_CA4071AA_AS,R
HEL_CA4072AA_AS,R
HEL_CA4073AA_AS,R
HEL_CA4075AA_AS,R
HEL_CA4076AA_AS,R
HEL_CA4077AA_AS,R
HEL_CA4078AA_AS,R
HEL_CA4079AA_AS,R
HEL_CA4080AA_AS,R
HEL_CA4082AA_AS,R
HEL_CA4084AA_AS,R
HEL_CA4085AA_AS,R
HEL_CA4087AA_AS,R
HEL_CA4088AA_AS,R
HEL_CA4089AA_AS,R
HEL_CA4116AA_AS,R
HEL_CA4118AA_AS,R
HEL_CA4124AA_AS,R
HEL_CA4127AA_AS,R
HEL_CA4136AA_AS,R
HEL_CA4147AA_AS,R
HEL_CA4157AA_AS,R
HEL_CA4159AA_AS,R
HEL_CA4164AA_AS,R
HEL_CA4165AA_AS,R
HEL_CA4206AA_AS,R
HEL_CA4216AA_AS,R
HEL_CA4306AA_AS,R
HEL_CA4316AA_AS,R
HEL_CA4319AA_AS,R
HEL_CA4361AA_AS,R
HEL_CA4363AA_AS,R
HEL_CA4365AA_AS,R
HEL_CA4368AA_AS,R
HEL_CA4374AA_AS,R
HEL_CA4375AA_AS,R
HEL_CA4396AA_AS,R
HEL_CA4403AA_AS,R
HEL_CA4404AA_AS,R
HEL_CA4407AA_AS,R
HEL_CA4408AA_AS,R
HEL_CA4415AA_AS,R
HEL_CA4421AA_AS,R
HEL_CA4422AA_AS,R
HEL_CA4423AA_AS,R
HEL_CA4430AA_AS,R
HEL_CA4434AA_AS,R
HEL_CA4436AA_AS,R
HEL_CA4443AA_AS,R
HEL_CA6151AA_AS,R
HEL_CA6156AA_AS,R
HEL_CA6863AA_AS,R
CB1,R
CB70,R
CB71,R
CB78,R
CB91,R
T128,R
T156,R
T183,R
HEL_BA9928AA_AS,R
HEL_BA9935AA_AS,R
HEL_BA9945AA_AS,R
HEL_BA9951AA_AS,R
HEL_BA9952AA_AS,R
HEL_BA9953AA_AS,R
HEL_BA9996AA_AS,R
HEL_CA0106AA_AS,R
GCA_013427775.1,R
GCA_013427985.1,R
GCA_013428745.1,R
GCA_013428895.1,R
GCA_013429475.1,R
GCA_013429525.1,R
GCA_013430025.1,R
GCA_013431135.1,R
GCA_013431265.1,R
GCA_013431285.1,R
GCA_013431575.1,R
GCA_013431995.1,R
GCA_000023805.1,R
HEL_AA0254AA_AS,R
HEL_AA4464AA_AS,R
HEL_BA9023AA_AS,R
HEL_BA9250AA_AS,R
HEL_BA9325AA_AS,R
HEL_BA9992AA_AS,R
HEL_BA9998AA_AS,R
HEL_BA9999AA_AS,R
HEL_CA0070AA_AS,R
HEL_CA0071AA_AS,R
HEL_CA0073AA_AS,R
HEL_CA0074AA_AS,R
HEL_CA0075AA_AS,R
HEL_CA0078AA_AS,R
HEL_CA0087AA_AS,R
HEL_CA0088AA_AS,R
HEL_CA0089AA_AS,R
HEL_CA0090AA_AS,R
HEL_CA0091AA_AS,R
HEL_CA0111AA_AS,R
HEL_CA0113AA_AS,R
HEL_CA0116AA_AS,R
HEL_CA0117AA_AS,R
HEL_CA0121AA_AS,R
HEL_CA0126AA_AS,R
HEL_CA0144AA_AS,R
HEL_CA0145AA_AS,R
HEL_CA0147AA_AS,R
HEL_CA0228AA_AS,R
HEL_CA0229AA_AS,R
HEL_CA0230AA_AS,R
HEL_CA0231AA_AS,R
HEL_CA0232AA_AS,R
HEL_CA0235AA_AS,R
HEL_CA0238AA_AS,R
HEL_CA0239AA_AS,R
HEL_CA0241AA_AS,R
HEL_CA0265AA_AS,R
HEL_CA0274AA_AS,R
HEL_CA0277AA_AS,R
HEL_CA0281AA_AS,R
HEL_CA0282AA_AS,R
HEL_CA0286AA_AS,R
HEL_CA0294AA_AS,R
HEL_CA0296AA_AS,R
HEL_CA0297AA_AS,R
HEL_CA0327AA_AS,R
HEL_CA0328AA_AS,R
HEL_CA0335AA_AS,R
HEL_CA0339AA_AS,R
HEL_CA2288AA_AS,R
HEL_CA2290AA_AS,R
HEL_CA2291AA_AS,R
HEL_CA2292AA_AS,R
HEL_CA2293AA_AS,R
HEL_CA2294AA_AS,R
HEL_CA2295AA_AS,R
HEL_CA2296AA_AS,R
HEL_CA2297AA_AS,R
HEL_CA4171AA_AS,R
HEL_CA4192AA_AS,R
HEL_CA4224AA_AS,R
HEL_CA4226AA_AS,R
HEL_CA4229AA_AS,R
HEL_CA4243AA_AS,R
HEL_CA4244AA_AS,R
HEL_CA4245AA_AS,R
HEL_CA4439AA_AS,R
HEL_CA4681AA_AS,R
HEL_CA4684AA_AS,R
HEL_CA4686AA_AS,R
HEL_CA4689AA_AS,R
HEL_CA4692AA_AS,R
HEL_CA4701AA_AS,R
HEL_CA4714AA_AS,R
HEL_CA4719AA_AS,R
HEL_CA6428AA_AS,R
HEL_CA6763AA_AS,R
GCA_013427255.1,R
GCA_013427395.1,R
GCA_013427475.1,R
GCA_013427565.1,R
GCA_013427575.1,R
GCA_013427795.1,R
GCA_013428085.1,R
GCA_013428135.1,R
GCA_013428505.1,R
GCA_013428535.1,R
GCA_013428785.1,R
GCA_013428875.1,R
GCA_013429085.1,R
GCA_013429155.1,R
GCA_013429175.1,R
GCA_013429225.1,R
GCA_013429385.1,R
GCA_013429415.1,R
GCA_013429485.1,R
GCA_013429585.1,R
GCA_013429635.1,R
GCA_013429695.1,R
GCA_013429725.1,R
GCA_013429795.1,R
GCA_013429855.1,R
GCA_013429895.1,R
GCA_013429915.1,R
GCA_013429925.1,R
GCA_013430015.1,R
GCA_013430115.1,R
GCA_013430145.1,R
GCA_013430245.1,R
GCA_013430355.1,R
GCA_013430765.1,R
GCA_013430795.1,R
GCA_013430865.1,R
GCA_013430965.1,R
GCA_013431065.1,R
GCA_013431145.1,R
GCA_013431375.1,R
GCA_013431475.1,R
GCA_013431565.1,R
GCA_013431615.1,R
GCA_013432095.1,R
HEL_CA3125AA_AS,R
GCA_000011725.1,R
HEL_AA0174AA_AS,R
HEL_AA0176AA_AS,R
HEL_AA0247AA_AS,R
HEL_AA0319AA_AS,R
HEL_AA0351AA_AS,R
HEL_AA0359AA_AS,R
HEL_AA4438AA_AS,R
HEL_AA4446AA_AS,R
HEL_AA4458AA_AS,R
HEL_AA4459AA_AS,R
HEL_AA4486AA_AS,R
HEL_AA5443AA_AS,R
HEL_AA5444AA_AS,R
HEL_AA5445AA_AS,R
HEL_AA5446AA_AS,R
HEL_AA5726AA_AS,R
HEL_AA6023AA_AS,R
HEL_BA3959AA_AS,R
HEL_BA4152AA_AS,R
HEL_BA4189AA_AS,R
HEL_BA4219AA_AS,R
HEL_BA4235AA_AS,R
HEL_BA4895AA_AS,R
HEL_BA4915AA_AS,R
HEL_BA4939AA_AS,R
HEL_BA4957AA_AS,R
HEL_BA4970AA_AS,R
HEL_BA5573AA_AS,R
HEL_BA5574AA_AS,R
HEL_BA8239AA_AS,R
HEL_BA8826AA_AS,R
HEL_BA8927AA_AS,R
HEL_BA8953AA_AS,R
HEL_BA9025AA_AS,R
HEL_BA9189AA_AS,R
HEL_BA9453AA_AS,R
HEL_BA9473AA_AS,R
HEL_BA9528AA_AS,R
HEL_BA9664AA_AS,R
HEL_BA9680AA_AS,R
HEL_BA9702AA_AS,R
HEL_BA9703AA_AS,R
HEL_BA9916AA_AS,R
HEL_BA9938AA_AS,R
HEL_CA0005AA_AS,R
HEL_CA0042AA_AS,R
HEL_CA0043AA_AS,R
HEL_CA0044AA_AS,R
HEL_CA0146AA_AS,R
HEL_CA0245AA_AS,R
HEL_CA0248AA_AS,R
HEL_CA0252AA_AS,R
HEL_CA0254AA_AS,R
HEL_CA0255AA_AS,R
HEL_CA0303AA_AS,R
HEL_CA0324AA_AS,R
HEL_CA0338AA_AS,R
HEL_CA0341AA_AS,R
HEL_CA0344AA_AS,R
HEL_CA0345AA_AS,R
HEL_CA0348AA_AS,R
HEL_CA0351AA_AS,R
HEL_CA0354AA_AS,R
HEL_CA0355AA_AS,R
HEL_CA0356AA_AS,R
HEL_CA0358AA_AS,R
HEL_CA0362AA_AS,R
HEL_CA0364AA_AS,R
HEL_CA0367AA_AS,R
HEL_CA0370AA_AS,R
HEL_CA0382AA_AS,R
HEL_CA0385AA_AS,R
HEL_CA0516AA_AS,R
HEL_CA0517AA_AS,R
HEL_CA0584AA_AS,R
HEL_CA0585AA_AS,R
HEL_CA0587AA_AS,R
HEL_CA0589AA_AS,R
HEL_CA0596AA_AS,R
HEL_CA0599AA_AS,R
HEL_CA0609AA_AS,R
HEL_CA0614AA_AS,R
HEL_CA0626AA_AS,R
HEL_CA0630AA_AS,R
HEL_CA0631AA_AS,R
HEL_CA0632AA_AS,R
HEL_CA2289AA_AS,R
HEL_CA3190AA_AS,R
HEL_CA3696AA_AS,R
HEL_CA3948AA_AS,R
HEL_CA4007AA_AS,R
HEL_CA4104AA_AS,R
HEL_CA4107AA_AS,R
HEL_CA4108AA_AS,R
HEL_CA4115AA_AS,R
HEL_CA4200AA_AS,R
HEL_CA4618AA_AS,R
HEL_CA4622AA_AS,R
HEL_CA4630AA_AS,R
HEL_CA4640AA_AS,R
HEL_CA4650AA_AS,R
HEL_CA4652AA_AS,R
HEL_CA4653AA_AS,R
HEL_CA4654AA_AS,R
HEL_CA4657AA_AS,R
HEL_CA4660AA_AS,R
HEL_CA4661AA_AS,R
HEL_CA4668AA_AS,R
HEL_CA4669AA_AS,R
HEL_CA4670AA_AS,R
HEL_CA4671AA_AS,R
HEL_CA4672AA_AS,R
HEL_CA4673AA_AS,R
HEL_CA4676AA_AS,R
HEL_CA4678AA_AS,R
HEL_CA4679AA_AS,R
HEL_CA4683AA_AS,R
HEL_CA4685AA_AS,R
HEL_CA4687AA_AS,R
HEL_CA4688AA_AS,R
HEL_CA4691AA_AS,R
HEL_CA4693AA_AS,R
HEL_CA4694AA_AS,R
HEL_CA4695AA_AS,R
HEL_CA4696AA_AS,R
HEL_CA4697AA_AS,R
HEL_CA4698AA_AS,R
HEL_CA4699AA_AS,R
HEL_CA4700AA_AS,R
HEL_CA4702AA_AS,R
HEL_CA4703AA_AS,R
HEL_CA4704AA_AS,R
HEL_CA4705AA_AS,R
HEL_CA4706AA_AS,R
HEL_CA4707AA_AS,R
HEL_CA4708AA_AS,R
HEL_CA4709AA_AS,R
HEL_CA4710AA_AS,R
HEL_CA4711AA_AS,R
HEL_CA4712AA_AS,R
HEL_CA4713AA_AS,R
HEL_CA4715AA_AS,R
HEL_CA4716AA_AS,R
HEL_CA4717AA_AS,R
HEL_CA4718AA_AS,R
HEL_CA4720AA_AS,R
HEL_CA5145AA_AS,R
HEL_CA5165AA_AS,R
HEL_CA5292AA_AS,R
HEL_CA5298AA_AS,R
HEL_CA5301AA_AS,R
HEL_CA5313AA_AS,R
HEL_CA5315AA_AS,R
HEL_CA5750AA_AS,R
HEL_CA5752AA_AS,R
HEL_CA5894AA_AS,R
HEL_CA5896AA_AS,R
HEL_CA5900AA_AS,R
HEL_CA5994AA_AS,R
HEL_CA5999AA_AS,R
HEL_CA6002AA_AS,R
HEL_CA6008AA_AS,R
HEL_CA6009AA_AS,R
HEL_CA6010AA_AS,R
HEL_CA6019AA_AS,R
HEL_CA6020AA_AS,R
HEL_CA6021AA_AS,R
HEL_CA6022AA_AS,R
HEL_CA6027AA_AS,R
HEL_CA6028AA_AS,R
HEL_CA6035AA_AS,R
HEL_CA6037AA_AS,R
HEL_CA6042AA_AS,R
HEL_CA6046AA_AS,R
HEL_CA6048AA_AS,R
HEL_CA6050AA_AS,R
HEL_CA6051AA_AS,R
HEL_CA6052AA_AS,R
HEL_CA6068AA_AS,R
HEL_CA6225AA_AS,R
HEL_CA6282AA_AS,R
HEL_CA6287AA_AS,R
HEL_CA6307AA_AS,R
HEL_CA6332AA_AS,R
HEL_CA6426AA_AS,R
HEL_CA6427AA_AS,R
HEL_CA6430AA_AS,R
HEL_CA6435AA_AS,R
HEL_CA6437AA_AS,R
HEL_CA6448AA_AS,R
HEL_CA6449AA_AS,R
HEL_CA6450AA_AS,R
HEL_CA6716AA_AS,R
HEL_CA6722AA_AS,R
HEL_CA6723AA_AS,R
HEL_CA6729AA_AS,R
HEL_CA6734AA_AS,R
HEL_CA6736AA_AS,R
HEL_CA6738AA_AS,R
HEL_CA6739AA_AS,R
HEL_CA6743AA_AS,R
HEL_CA6744AA_AS,R
HEL_CA6746AA_AS,R
HEL_CA6748AA_AS,R
HEL_CA6749AA_AS,R
HEL_CA6765AA_AS,R
HEL_CA6767AA_AS,R
HEL_CA6773AA_AS,R
HEL_CA6774AA_AS,R
HEL_CA6779AA_AS,R
HEL_CA6780AA_AS,R
HEL_CA6784AA_AS,R
HEL_CA6785AA_AS,R
HEL_CA6786AA_AS,R
HEL_CA6797AA_AS,R
HEL_CA6803AA_AS,R
HEL_CA6806AA_AS,R
HEL_CA6810AA_AS,R
HEL_CA6811AA_AS,R
HEL_CA6827AA_AS,R
HEL_CA6829AA_AS,R
HEL_CA6830AA_AS,R
CB17,R
CB26,R
CB31,R
CB35,R
CB56,R
CB65,R
GCA_000521245.1,R
GCA_009689605.1,R
GCA_009689615.1,R
GCA_009689635.1,R
GCA_009689685.1,R
GCA_009689705.1,R
GCA_009689745.1,R
GCA_009689755.1,R
GCA_009689765.1,R
GCA_009689815.1,R
GCA_009689835.1,R
GCA_009689865.1,R
GCA_009689875.1,R
GCA_009689885.1,R
GCA_009689945.1,R
GCA_009689965.1,R
GCA_009689995.1,R
GCA_009690065.1,R
GCA_009690075.1,R
GCA_009690105.1,R
GCA_009690125.1,R
GCA_009690135.1,R
GCA_009690145.1,R
GCA_009690205.1,R
GCA_009690235.1,R
GCA_009690255.1,R
GCA_009690305.1,R
GCA_009690355.1,R
GCA_009690405.1,R
GCA_009690425.1,R
GCA_013427625.1,R
GCA_013427655.1,R
GCA_013427675.1,R
GCA_013428315.1,R
GCA_013428595.1,R
GCA_013430555.1,R
GCA_013431075.1,R
GCA_013431425.1,R
GCA_018119615.1,R
GCA_018119855.1,R
GCA_018119895.1,R
GCA_018120015.1,R
GCA_018120095.1,R
GCA_018120115.1,R
GCA_018120215.1,R
GCA_018120295.1,R
GCA_018120535.1,R
GCA_018120675.1,R
GCA_018120695.1,R
GCA_018120745.1,R
GCA_018120975.1,R
GCA_018121015.1,R
GCA_018121025.1,R
GCA_018121275.1,R
GCA_018121355.1,R
GCA_018121385.1,R
GCA_018121495.1,R
GCA_018121655.1,R
GCA_018121715.1,R
GCA_018121875.1,R
GCA_018122095.1,R
GCA_018122275.1,R
GCA_018327945.1,R
GCA_018328085.1,R
GCA_018328205.1,R
HEL_CA3131AA_AS,R
T133,R
T137,R
T167,R
T209,R
Yangon222,R
CHL15,R
CHL18,R
CHL28,R
CHL30,R
CHL40,R
CHL45,R
CHL53,R
CHL57,R
CHL61,R
CHL62,R
CHL66,R
CHL69,R
CHL71,R
HEL_CA0103AA_AS,R
HEL_AA0250AA_AS,R
HEL_AA0252AA_AS,R
HEL_AA0255AA_AS,R
HEL_AA0256AA_AS,R
HEL_AA2001AA_AS,R
HEL_AA5898AA_AS,R
HEL_AA5899AA_AS,R
HEL_BA5295AA_AS,R
HEL_BA9903AA_AS,R
HEL_BA9904AA_AS,R
HEL_BA9906AA_AS,R
HEL_BA9908AA_AS,R
HEL_BA9909AA_AS,R
HEL_BA9910AA_AS,R
HEL_BA9911AA_AS,R
HEL_BA9912AA_AS,R
HEL_BA9914AA_AS,R
HEL_BA9915AA_AS,R
HEL_BA9917AA_AS,R
HEL_BA9918AA_AS,R
HEL_BA9919AA_AS,R
HEL_BA9921AA_AS,R
HEL_BA9922AA_AS,R
HEL_BA9923AA_AS,R
HEL_BA9927AA_AS,R
HEL_BA9929AA_AS,R
HEL_BA9931AA_AS,R
HEL_BA9932AA_AS,R
HEL_BA9933AA_AS,R
HEL_BA9934AA_AS,R
HEL_BA9936AA_AS,R
HEL_BA9937AA_AS,R
HEL_BA9941AA_AS,R
HEL_BA9942AA_AS,R
HEL_BA9946AA_AS,R
HEL_BA9949AA_AS,R
HEL_BA9950AA_AS,R
HEL_BA9954AA_AS,R
HEL_BA9955AA_AS,R
HEL_BA9956AA_AS,R
HEL_BA9957AA_AS,R
HEL_BA9958AA_AS,R
HEL_BA9960AA_AS,R
HEL_BA9963AA_AS,R
HEL_BA9964AA_AS,R
HEL_BA9966AA_AS,R
HEL_BA9967AA_AS,R
HEL_BA9968AA_AS,R
HEL_BA9969AA_AS,R
HEL_BA9971AA_AS,R
HEL_BA9972AA_AS,R
HEL_BA9973AA_AS,R
HEL_BA9974AA_AS,R
HEL_BA9975AA_AS,R
HEL_BA9976AA_AS,R
HEL_BA9977AA_AS,R
HEL_BA9979AA_AS,R
HEL_BA9980AA_AS,R
HEL_BA9981AA_AS,R
HEL_BA9982AA_AS,R
HEL_BA9983AA_AS,R
HEL_BA9984AA_AS,R
HEL_BA9985AA_AS,R
HEL_BA9986AA_AS,R
HEL_BA9988AA_AS,R
HEL_BA9989AA_AS,R
HEL_BA9993AA_AS,R
HEL_BA9997AA_AS,R
HEL_CA0000AA_AS,R
HEL_CA0001AA_AS,R
HEL_CA0002AA_AS,R
HEL_CA0004AA_AS,R
HEL_CA0007AA_AS,R
HEL_CA0076AA_AS,R
HEL_CA0093AA_AS,R
HEL_CA0096AA_AS,R
HEL_CA0098AA_AS,R
HEL_CA0101AA_AS,R
HEL_CA0109AA_AS,R
HEL_CA0112AA_AS,R
HEL_CA0114AA_AS,R
HEL_CA0115AA_AS,R
HEL_CA0119AA_AS,R
HEL_CA0120AA_AS,R
HEL_CA0122AA_AS,R
HEL_CA0199AA_AS,R
HEL_CA0242AA_AS,R
HEL_CA0246AA_AS,R
HEL_CA0326AA_AS,R
HEL_CA0333AA_AS,R
HEL_CA0372AA_AS,R
HEL_CA0377AA_AS,R
HEL_CA0378AA_AS,R
HEL_CA6380AA_AS,R
GCA_013427355.1,R
GCA_013427455.1,R
GCA_013427755.1,R
GCA_013428105.1,R
GCA_013428165.1,R
GCA_013428215.1,R
GCA_013428325.1,R
GCA_013428345.1,R
GCA_013428365.1,R
GCA_013428455.1,R
GCA_013428655.1,R
GCA_013428735.1,R
GCA_013428795.1,R
GCA_013428885.1,R
GCA_013428945.1,R
GCA_013428975.1,R
GCA_013429025.1,R
GCA_013429075.1,R
GCA_013429115.1,R
GCA_013429195.1,R
GCA_013429245.1,R
GCA_013429375.1,R
GCA_013429515.1,R
GCA_013429575.1,R
GCA_013429615.1,R
GCA_013429675.1,R
GCA_013429715.1,R
GCA_013429755.1,R
GCA_013429805.1,R
GCA_013429815.1,R
GCA_013429995.1,R
GCA_013430035.1,R
GCA_013430265.1,R
GCA_013430345.1,R
GCA_013430365.1,R
GCA_013430705.1,R
GCA_013430775.1,R
GCA_013430855.1,R
GCA_013430955.1,R
GCA_013431035.1,R
GCA_013431045.1,R
GCA_013431185.1,R
GCA_013431415.1,R
GCA_013431785.1,R
GCA_013432035.1,R
HEL_CA0079AA_AS,R
GCA_013430445.1,R
HEL_AA0167AA_AS,R
HEL_AA0241AA_AS,R
HEL_AA0253AA_AS,R
HEL_AA0331AA_AS,R
HEL_AA0335AA_AS,R
HEL_AA2004AA_AS,R
HEL_AA4455AA_AS,R
HEL_AA5727AA_AS,R
HEL_BA4184AA_AS,R
HEL_BA4773AA_AS,R
HEL_BA4998AA_AS,R
HEL_BA5447AA_AS,R
HEL_BA5451AA_AS,R
HEL_BA5577AA_AS,R
HEL_BA5776AA_AS,R
HEL_BA8906AA_AS,R
HEL_BA9247AA_AS,R
HEL_BA9901AA_AS,R
HEL_BA9920AA_AS,R
HEL_BA9925AA_AS,R
HEL_BA9926AA_AS,R
HEL_BA9939AA_AS,R
HEL_BA9947AA_AS,R
HEL_BA9959AA_AS,R
HEL_BA9961AA_AS,R
HEL_BA9991AA_AS,R
HEL_BA9994AA_AS,R
HEL_CA0085AA_AS,R
HEL_CA0110AA_AS,R
HEL_CA0118AA_AS,R
HEL_CA0160AA_AS,R
HEL_CA0163AA_AS,R
HEL_CA0349AA_AS,R
HEL_CA0374AA_AS,R
HEL_CA0380AA_AS,R
HEL_CA0489AA_AS,R
HEL_CA0598AA_AS,R
HEL_CA0610AA_AS,R
HEL_CA0613AA_AS,R
HEL_CA3263AA_AS,R
HEL_CA3668AA_AS,R
HEL_CA3705AA_AS,R
HEL_CA3785AA_AS,R
HEL_CA3902AA_AS,R
HEL_CA4004AA_AS,R
HEL_CA4180AA_AS,R
HEL_CA4259AA_AS,R
HEL_CA4511AA_AS,R
HEL_CA4619AA_AS,R
HEL_CA4628AA_AS,R
HEL_CA4636AA_AS,R
HEL_CA4643AA_AS,R
HEL_CA4935AA_AS,R
HEL_CA4945AA_AS,R
HEL_CA5095AA_AS,R
HEL_CA5107AA_AS,R
HEL_CA5109AA_AS,R
HEL_CA5144AA_AS,R
HEL_CA5163AA_AS,R
HEL_CA5273AA_AS,R
HEL_CA5285AA_AS,R
HEL_CA5287AA_AS,R
HEL_CA5296AA_AS,R
HEL_CA5307AA_AS,R
HEL_CA5318AA_AS,R
HEL_CA5469AA_AS,R
HEL_CA5483AA_AS,R
HEL_CA5487AA_AS,R
HEL_CA5656AA_AS,R
HEL_CA5658AA_AS,R
HEL_CA5664AA_AS,R
HEL_CA5671AA_AS,R
HEL_CA5675AA_AS,R
HEL_CA5681AA_AS,R
HEL_CA5695AA_AS,R
HEL_CA5756AA_AS,R
HEL_CA5760AA_AS,R
HEL_CA5863AA_AS,R
HEL_CA5997AA_AS,R
HEL_CA6003AA_AS,R
HEL_CA6018AA_AS,R
HEL_CA6026AA_AS,R
HEL_CA6034AA_AS,R
HEL_CA6038AA_AS,R
HEL_CA6053AA_AS,R
HEL_CA6056AA_AS,R
HEL_CA6161AA_AS,R
HEL_CA6180AA_AS,R
HEL_CA6190AA_AS,R
HEL_CA6198AA_AS,R
HEL_CA6199AA_AS,R
HEL_CA6219AA_AS,R
HEL_CA6227AA_AS,R
HEL_CA6235AA_AS,R
HEL_CA6237AA_AS,R
HEL_CA6267AA_AS,R
HEL_CA6279AA_AS,R
HEL_CA6436AA_AS,R
HEL_CA6725AA_AS,R
HEL_CA6726AA_AS,R
HEL_CA6727AA_AS,R
HEL_CA6730AA_AS,R
HEL_CA6732AA_AS,R
HEL_CA6735AA_AS,R
HEL_CA6740AA_AS,R
HEL_CA6750AA_AS,R
HEL_CA6776AA_AS,R
HEL_CA6783AA_AS,R
HEL_CA6789AA_AS,R
HEL_CA6790AA_AS,R
HEL_CA6791AA_AS,R
HEL_CA6792AA_AS,R
HEL_CA6798AA_AS,R
HEL_CA6801AA_AS,R
HEL_CA6814AA_AS,R
HEL_CA6815AA_AS,R
HEL_CA6816AA_AS,R
HEL_CA6819AA_AS,R
HEL_CA6822AA_AS,R
HEL_CA6823AA_AS,R
HEL_CA6824AA_AS,R
HEL_CA6826AA_AS,R
HEL_CA6835AA_AS,R
HEL_CA6857AA_AS,R
HEL_CA6860AA_AS,R
GCA_001940185.1,R
GCA_006440105.1,R
GCA_009689625.1,R
GCA_009689805.1,R
GCA_009689925.1,R
GCA_009690015.1,R
GCA_009690045.1,R
GCA_009690185.1,R
GCA_009690225.1,R
GCA_009690275.1,R
GCA_009690345.1,R
GCA_009690375.1,R
GCA_009690985.1,R
GCA_013183915.1,R
GCA_013427295.1,R
GCA_013428685.1,R
GCA_013429285.1,R
GCA_013430435.1,R
GCA_013430545.1,R
GCA_013430635.1,R
GCA_013431975.1,R
GCA_013432085.1,R
GCA_018119635.1,R
GCA_018119675.1,R
GCA_018119695.1,R
GCA_018119705.1,R
GCA_018119815.1,R
GCA_018119825.1,R
GCA_018119875.1,R
GCA_018119915.1,R
GCA_018119935.1,R
GCA_018119945.1,R
GCA_018119975.1,R
GCA_018119995.1,R
GCA_018120035.1,R
GCA_018120045.1,R
GCA_018120065.1,R
GCA_018120125.1,R
GCA_018120155.1,R
GCA_018120165.1,R
GCA_018120195.1,R
GCA_018120235.1,R
GCA_018120245.1,R
GCA_018120275.1,R
GCA_018120315.1,R
GCA_018120335.1,R
GCA_018120355.1,R
GCA_018120375.1,R
GCA_018120395.1,R
GCA_018120415.1,R
GCA_018120455.1,R
GCA_018120465.1,R
GCA_018120495.1,R
GCA_018120555.1,R
GCA_018120575.1,R
GCA_018120595.1,R
GCA_018120615.1,R
GCA_018120635.1,R
GCA_018120645.1,R
GCA_018120685.1,R
GCA_018120735.1,R
GCA_018120775.1,R
GCA_018120785.1,R
GCA_018120805.1,R
GCA_018120855.1,R
GCA_018120915.1,R
GCA_018120995.1,R
GCA_018121075.1,R
GCA_018121135.1,R
GCA_018121145.1,R
GCA_018121195.1,R
GCA_018121205.1,R
GCA_018121255.1,R
GCA_018121295.1,R
GCA_018121305.1,R
GCA_018121375.1,R
GCA_018121435.1,R
GCA_018121475.1,R
GCA_018121505.1,R
GCA_018121615.1,R
GCA_018121695.1,R
GCA_018121705.1,R
GCA_018121825.1,R
GCA_018121855.1,R
GCA_018121895.1,R
GCA_018121915.1,R
GCA_018121935.1,R
GCA_018121955.1,R
GCA_018121965.1,R
GCA_018121975.1,R
GCA_018122015.1,R
GCA_018122025.1,R
GCA_018122055.1,R
GCA_018122065.1,R
GCA_018122115.1,R
GCA_018122125.1,R
GCA_018122145.1,R
GCA_018122175.1,R
GCA_018122185.1,R
GCA_018122225.1,R
GCA_018122255.1,R
GCA_018327845.1,R
GCA_018328245.1,R
GCA_018328265.1,R
GCA_018328285.1,R
CHL13,R
CHL34,R
CHL43,R
CHL55,R
CHL58,R
CHL59,R
CHL60,R
CHL63,R
CHL64,R
CHL65,R
CHL67,R
CHL68,R
CHL72,R
CHL73,R
HEL_AA0326AA_AS,R
HEL_AA0328AA_AS,R
HEL_AA0384AA_AS,R
HEL_AA2000AA_AS,R
HEL_AA2005AA_AS,R
HEL_AA2008AA_AS,R
HEL_AA2009AA_AS,R
HEL_AA6034AA_AS,R
HEL_AA6076AA_AS,R
HEL_AA6078AA_AS,R
HEL_AA6080AA_AS,R
HEL_AA6081AA_AS,R
HEL_AA6795AA_AS,R
HEL_BA5446AA_AS,R
HEL_BA8898AA_AS,R
HEL_BA8930AA_AS,R
HEL_BA9045AA_AS,R
HEL_BA9248AA_AS,R
HEL_BA9678AA_AS,R
HEL_BA9694AA_AS,R
HEL_BA9930AA_AS,R
HEL_BA9965AA_AS,R
HEL_BA9995AA_AS,R
HEL_CA0069AA_AS,R
HEL_CA0080AA_AS,R
HEL_CA0083AA_AS,R
HEL_CA0092AA_AS,R
HEL_CA0094AA_AS,R
HEL_CA0095AA_AS,R
HEL_CA0097AA_AS,R
HEL_CA0099AA_AS,R
HEL_CA0100AA_AS,R
HEL_CA0102AA_AS,R
HEL_CA0148AA_AS,R
HEL_CA0149AA_AS,R
HEL_CA0153AA_AS,R
HEL_CA0155AA_AS,R
HEL_CA0157AA_AS,R
HEL_CA0158AA_AS,R
HEL_CA0159AA_AS,R
HEL_CA0161AA_AS,R
HEL_CA0162AA_AS,R
HEL_CA0164AA_AS,R
HEL_CA0168AA_AS,R
HEL_CA0171AA_AS,R
HEL_CA0172AA_AS,R
HEL_CA0176AA_AS,R
HEL_CA0178AA_AS,R
HEL_CA0179AA_AS,R
HEL_CA0180AA_AS,R
HEL_CA0183AA_AS,R
HEL_CA0185AA_AS,R
HEL_CA0187AA_AS,R
HEL_CA0189AA_AS,R
HEL_CA0191AA_AS,R
HEL_CA0195AA_AS,R
HEL_CA0198AA_AS,R
HEL_CA0200AA_AS,R
HEL_CA0203AA_AS,R
HEL_CA0205AA_AS,R
HEL_CA0206AA_AS,R
HEL_CA0208AA_AS,R
HEL_CA0209AA_AS,R
HEL_CA0211AA_AS,R
HEL_CA0212AA_AS,R
HEL_CA0214AA_AS,R
HEL_CA0215AA_AS,R
HEL_CA0217AA_AS,R
HEL_CA0220AA_AS,R
HEL_CA0222AA_AS,R
HEL_CA0223AA_AS,R
HEL_CA0226AA_AS,R
HEL_CA0373AA_AS,R
HEL_CA0406AA_AS,R
HEL_CA0407AA_AS,R
HEL_CA0408AA_AS,R
HEL_CA0409AA_AS,R
HEL_CA0411AA_AS,R
HEL_CA0412AA_AS,R
HEL_CA0414AA_AS,R
HEL_CA5666AA_AS,R
HEL_CA5667AA_AS,R
HEL_CA5673AA_AS,R
HEL_CA5674AA_AS,R
HEL_CA5677AA_AS,R
HEL_CA5678AA_AS,R
HEL_CA5684AA_AS,R
HEL_CA5699AA_AS,R
HEL_CA5700AA_AS,R
HEL_CA5709AA_AS,R
HEL_CA5713AA_AS,R
HEL_CA5716AA_AS,R
HEL_CA5717AA_AS,R
HEL_CA5718AA_AS,R
HEL_CA5719AA_AS,R
HEL_CA5720AA_AS,R
HEL_CA5721AA_AS,R
HEL_CA5722AA_AS,R
HEL_CA5735AA_AS,R
HEL_CA5738AA_AS,R
HEL_CA5788AA_AS,R
HEL_CA6373AA_AS,R
HEL_CA6383AA_AS,R
HEL_CA6384AA_AS,R
HEL_CA6389AA_AS,R
HEL_CA6391AA_AS,R
HEL_CA6393AA_AS,R
HEL_CA6402AA_AS,R
HEL_CA6403AA_AS,R
HEL_CA6410AA_AS,R
HEL_CA6415AA_AS,R
HEL_CA6419AA_AS,R
HEL_CA6422AA_AS,R
HEL_CA6423AA_AS,R
HEL_CA6441AA_AS,R
HEL_CA6442AA_AS,R
GCA_013427265.1,R
GCA_013427275.1,R
GCA_013427285.1,R
GCA_013427365.1,R
GCA_013427375.1,R
GCA_013427385.1,R
GCA_013427465.1,R
GCA_013427505.1,R
GCA_013427695.1,R
GCA_013427785.1,R
GCA_013427835.1,R
GCA_013427895.1,R
GCA_013427945.1,R
GCA_013428045.1,R
GCA_013428245.1,R
GCA_013428265.1,R
GCA_013428395.1,R
GCA_013428405.1,R
GCA_013428415.1,R
GCA_013428465.1,R
GCA_013428545.1,R
GCA_013428565.1,R
GCA_013428635.1,R
GCA_013428675.1,R
GCA_013428695.1,R
GCA_013428775.1,R
GCA_013428835.1,R
GCA_013428925.1,R
GCA_013428985.1,R
GCA_013429055.1,R
GCA_013429095.1,R
GCA_013429185.1,R
GCA_013429275.1,R
GCA_013429295.1,R
GCA_013429345.1,R
GCA_013429535.1,R
GCA_013429625.1,R
GCA_013429765.1,R
GCA_013429865.1,R
GCA_013429945.1,R
GCA_013430095.1,R
GCA_013430135.1,R
GCA_013430235.1,R
GCA_013430255.1,R
GCA_013430315.1,R
GCA_013430335.1,R
GCA_013430415.1,R
GCA_013430465.1,R
GCA_013430615.1,R
GCA_013430645.1,R
GCA_013430735.1,R
GCA_013430755.1,R
GCA_013430835.1,R
GCA_013430875.1,R
GCA_013430945.1,R
GCA_013430975.1,R
GCA_013431055.1,R
GCA_013431155.1,R
GCA_013431235.1,R
GCA_013431245.1,R
GCA_013431305.1,R
GCA_013431385.1,R
GCA_013431485.1,R
GCA_013431515.1,R
GCA_013431525.1,R
GCA_013431555.1,R
GCA_013431605.1,R
GCA_013431655.1,R
GCA_013431665.1,R
GCA_013431705.1,R
GCA_013431735.1,R
GCA_013431755.1,R
GCA_013431875.1,R
GCA_013431935.1,R
GCA_013431955.1,R
GCA_013432055.1,R
GCA_013432075.1,R
HEL_AA1999AA_AS,R
HEL_AA2006AA_AS,R
HEL_BA9940AA_AS,R
HEL_BA9944AA_AS,R
HEL_BA9948AA_AS,R
HEL_BA9970AA_AS,R
HEL_BA9978AA_AS,R
HEL_BA9987AA_AS,R
HEL_CA0003AA_AS,R
HEL_CA0006AA_AS,R
HEL_CA0068AA_AS,R
HEL_CA0081AA_AS,R
HEL_CA0082AA_AS,R
HEL_CA0243AA_AS,R
HEL_CA5692AA_AS,R
HEL_CA5693AA_AS,R
GCA_013427935.1,R
GCA_013428075.1,R
GCA_013428185.1,R
GCA_013430195.1,R
GCA_013430515.1,R
GCA_013430665.1,R
GCA_013430935.1,R
GCA_013431195.1,R
GCA_013431855.1,R
HEL_AA0165AA_AS,R
HEL_AA0202AA_AS,R
HEL_AA0251AA_AS,R
HEL_AA0324AA_AS,R
HEL_AA1879AA_AS,R
HEL_AA2002AA_AS,R
HEL_AA5337AA_AS,R
HEL_AA5340AA_AS,R
HEL_AA5345AA_AS,R
HEL_AA5963AA_AS,R
HEL_AA6015AA_AS,R
HEL_BA0200AA_AS,R
HEL_BA4158AA_AS,R
HEL_BA4179AA_AS,R
HEL_BA4183AA_AS,R
HEL_BA4995AA_AS,R
HEL_BA5349AA_AS,R
HEL_BA5356AA_AS,R
HEL_BA5362AA_AS,R
HEL_BA5440AA_AS,R
HEL_BA5452AA_AS,R
HEL_BA5454AA_AS,R
HEL_BA5460AA_AS,R
HEL_BA5590AA_AS,R
HEL_BA5592AA_AS,R
HEL_BA5593AA_AS,R
HEL_BA5595AA_AS,R
HEL_BA5597AA_AS,R
HEL_BA5600AA_AS,R
HEL_BA5605AA_AS,R
HEL_BA5618AA_AS,R
HEL_BA5644AA_AS,R
HEL_BA5651AA_AS,R
HEL_BA5653AA_AS,R
HEL_BA5774AA_AS,R
HEL_BA5777AA_AS,R
HEL_BA7968AA_AS,R
HEL_BA7969AA_AS,R
HEL_BA7971AA_AS,R
HEL_BA7980AA_AS,R
HEL_BA8225AA_AS,R
HEL_BA8375AA_AS,R
HEL_BA8390AA_AS,R
HEL_BA8947AA_AS,R
HEL_BA8999AA_AS,R
HEL_BA9052AA_AS,R
HEL_BA9319AA_AS,R
HEL_BA9350AA_AS,R
HEL_BA9389AA_AS,R
HEL_BA9524AA_AS,R
HEL_BA9551AA_AS,R
HEL_BA9783AA_AS,R
HEL_BA9812AA_AS,R
HEL_BA9905AA_AS,R
HEL_BA9907AA_AS,R
HEL_BA9913AA_AS,R
HEL_BA9943AA_AS,R
HEL_BA9990AA_AS,R
HEL_CA0077AA_AS,R
HEL_CA0447AA_AS,R
HEL_CA0470AA_AS,R
HEL_CA0530AA_AS,R
HEL_CA0594AA_AS,R
HEL_CA0600AA_AS,R
HEL_CA3153AA_AS,R
HEL_CA3262AA_AS,R
HEL_CA3273AA_AS,R
HEL_CA3669AA_AS,R
HEL_CA3673AA_AS,R
HEL_CA3677AA_AS,R
HEL_CA3678AA_AS,R
HEL_CA3681AA_AS,R
HEL_CA3684AA_AS,R
HEL_CA3685AA_AS,R
HEL_CA3687AA_AS,R
HEL_CA3689AA_AS,R
HEL_CA3697AA_AS,R
HEL_CA3698AA_AS,R
HEL_CA3700AA_AS,R
HEL_CA3701AA_AS,R
HEL_CA3779AA_AS,R
HEL_CA3787AA_AS,R
HEL_CA3789AA_AS,R
HEL_CA3790AA_AS,R
HEL_CA3884AA_AS,R
HEL_CA3918AA_AS,R
HEL_CA4190AA_AS,R
HEL_CA4290AA_AS,R
HEL_CA4495AA_AS,R
HEL_CA4506AA_AS,R
HEL_CA4523AA_AS,R
HEL_CA4613AA_AS,R
HEL_CA4631AA_AS,R
HEL_CA4632AA_AS,R
HEL_CA4776AA_AS,R
HEL_CA4777AA_AS,R
HEL_CA4778AA_AS,R
HEL_CA4779AA_AS,R
HEL_CA4782AA_AS,R
HEL_CA4784AA_AS,R
HEL_CA4785AA_AS,R
HEL_CA4786AA_AS,R
HEL_CA4787AA_AS,R
HEL_CA4788AA_AS,R
HEL_CA4790AA_AS,R
HEL_CA4798AA_AS,R
HEL_CA4939AA_AS,R
HEL_CA4941AA_AS,R
HEL_CA4942AA_AS,R
HEL_CA4943AA_AS,R
HEL_CA4944AA_AS,R
HEL_CA4946AA_AS,R
HEL_CA4947AA_AS,R
HEL_CA4949AA_AS,R
HEL_CA4952AA_AS,R
HEL_CA4954AA_AS,R
HEL_CA4955AA_AS,R
HEL_CA4956AA_AS,R
HEL_CA4958AA_AS,R
HEL_CA4959AA_AS,R
HEL_CA4961AA_AS,R
HEL_CA4963AA_AS,R
HEL_CA4964AA_AS,R
HEL_CA4972AA_AS,R
HEL_CA5092AA_AS,R
HEL_CA5093AA_AS,R
HEL_CA5102AA_AS,R
HEL_CA5112AA_AS,R
HEL_CA5126AA_AS,R
HEL_CA5139AA_AS,R
HEL_CA5152AA_AS,R
HEL_CA5224AA_AS,R
HEL_CA5297AA_AS,R
HEL_CA5303AA_AS,R
HEL_CA5407AA_AS,R
HEL_CA5409AA_AS,R
HEL_CA5470AA_AS,R
HEL_CA5471AA_AS,R
HEL_CA5472AA_AS,R
HEL_CA5473AA_AS,R
HEL_CA5474AA_AS,R
HEL_CA5481AA_AS,R
HEL_CA5486AA_AS,R
HEL_CA5488AA_AS,R
HEL_CA5492AA_AS,R
HEL_CA5504AA_AS,R
HEL_CA5507AA_AS,R
HEL_CA5518AA_AS,R
HEL_CA5545AA_AS,R
HEL_CA5617AA_AS,R
HEL_CA5642AA_AS,R
HEL_CA5643AA_AS,R
HEL_CA5663AA_AS,R
HEL_CA5665AA_AS,R
HEL_CA5670AA_AS,R
HEL_CA5676AA_AS,R
HEL_CA5683AA_AS,R
HEL_CA5694AA_AS,R
HEL_CA5701AA_AS,R
HEL_CA5732AA_AS,R
HEL_CA5755AA_AS,R
HEL_CA5778AA_AS,R
HEL_CA5813AA_AS,R
HEL_CA5828AA_AS,R
HEL_CA5830AA_AS,R
HEL_CA5832AA_AS,R
HEL_CA5837AA_AS,R
HEL_CA5839AA_AS,R
HEL_CA5843AA_AS,R
HEL_CA5844AA_AS,R
HEL_CA5849AA_AS,R
HEL_CA5856AA_AS,R
HEL_CA5860AA_AS,R
HEL_CA5865AA_AS,R
HEL_CA5868AA_AS,R
HEL_CA5881AA_AS,R
HEL_CA5890AA_AS,R
HEL_CA5893AA_AS,R
HEL_CA5901AA_AS,R
HEL_CA5909AA_AS,R
HEL_CA5923AA_AS,R
HEL_CA5924AA_AS,R
HEL_CA5926AA_AS,R
HEL_CA5933AA_AS,R
HEL_CA5934AA_AS,R
HEL_CA5935AA_AS,R
HEL_CA5936AA_AS,R
HEL_CA5937AA_AS,R
HEL_CA5951AA_AS,R
HEL_CA5970AA_AS,R
HEL_CA5977AA_AS,R
HEL_CA5984AA_AS,R
HEL_CA6158AA_AS,R
HEL_CA6159AA_AS,R
HEL_CA6164AA_AS,R
HEL_CA6165AA_AS,R
HEL_CA6167AA_AS,R
HEL_CA6169AA_AS,R
HEL_CA6172AA_AS,R
HEL_CA6189AA_AS,R
HEL_CA6191AA_AS,R
HEL_CA6193AA_AS,R
HEL_CA6217AA_AS,R
HEL_CA6223AA_AS,R
HEL_CA6240AA_AS,R
HEL_CA6276AA_AS,R
HEL_CA6280AA_AS,R
HEL_CA6289AA_AS,R
HEL_CA6294AA_AS,R
HEL_CA6300AA_AS,R
HEL_CA6357AA_AS,R
HEL_CA6358AA_AS,R
HEL_CA6360AA_AS,R
HEL_CA6364AA_AS,R
HEL_CA6367AA_AS,R
HEL_CA6368AA_AS,R
HEL_CA6369AA_AS,R
HEL_CA6370AA_AS,R
HEL_CA6371AA_AS,R
HEL_CA6374AA_AS,R
HEL_CA6375AA_AS,R
HEL_CA6376AA_AS,R
HEL_CA6377AA_AS,R
HEL_CA6379AA_AS,R
HEL_CA6381AA_AS,R
HEL_CA6382AA_AS,R
HEL_CA6385AA_AS,R
HEL_CA6386AA_AS,R
HEL_CA6387AA_AS,R
HEL_CA6388AA_AS,R
HEL_CA6390AA_AS,R
HEL_CA6392AA_AS,R
HEL_CA6394AA_AS,R
HEL_CA6396AA_AS,R
HEL_CA6398AA_AS,R
HEL_CA6399AA_AS,R
HEL_CA6401AA_AS,R
HEL_CA6404AA_AS,R
HEL_CA6405AA_AS,R
HEL_CA6407AA_AS,R
HEL_CA6408AA_AS,R
HEL_CA6409AA_AS,R
HEL_CA6411AA_AS,R
HEL_CA6413AA_AS,R
HEL_CA6414AA_AS,R
HEL_CA6417AA_AS,R
HEL_CA6424AA_AS,R
HEL_CA6491AA_AS,R
HEL_CA6495AA_AS,R
HEL_CA6505AA_AS,R
HEL_CA6529AA_AS,R
HEL_CA6606AA_AS,R
HEL_CA6612AA_AS,R
HEL_CA6613AA_AS,R
HEL_CA6737AA_AS,R
HEL_CA6747AA_AS,R
HEL_CA6769AA_AS,R
HEL_CA6793AA_AS,R
GCA_001901635.1,R
GCA_001939585.1,R
GCA_001940015.1,R
GCA_001940025.1,R
GCA_001940085.1,R
GCA_001940095.1,R
GCA_001940115.1,R
GCA_001940145.1,R
GCA_001940175.1,R
GCA_004117945.1,R
GCA_004117955.1,R
GCA_006438535.1,R
GCA_006440055.1,R
GCA_006440155.1,R
GCA_006440265.1,R
GCA_006440425.1,R
GCA_006440435.1,R
GCA_009689695.1,R
GCA_009690315.1,R
GCA_009691005.1,R
GCA_009741025.1,R
GCA_009741145.1,R
GCA_009741175.1,R
GCA_013427615.1,R
GCA_013427855.1,R
GCA_013427885.1,R
GCA_013428495.1,R
GCA_013428605.1,R
GCA_013430065.1,R
GCA_013431675.1,R
GCA_013431765.1,R
GCA_013431835.1,R
GCA_013431865.1,R
GCA_016836785.1,R
GCA_018120515.1,R
GCA_018327985.1,R
GCA_018328145.1,R
HEL_CA3950AA_AS,R
Mandalay38,R
Yangon173,R
HEL_AA0205AA_AS,R
HEL_BA4684AA_AS,R
HEL_CA3128AA_AS,R
HEL_CA3133AA_AS,R
HEL_CA3134AA_AS,R
HEL_CA3136AA_AS,R
HEL_CA3140AA_AS,R
HEL_CA3145AA_AS,R
HEL_CA3148AA_AS,R
HEL_CA3151AA_AS,R
HEL_CA3862AA_AS,R
GCA_000172935.1,R
HEL_AA0103AA_AS,R
HEL_AA0168AA_AS,R
HEL_AA0169AA_AS,R
HEL_AA0170AA_AS,R
HEL_AA0171AA_AS,R
HEL_AA0172AA_AS,R
HEL_AA0173AA_AS,R
HEL_AA0178AA_AS,R
HEL_AA0179AA_AS,R
HEL_AA0180AA_AS,R
HEL_AA0196AA_AS,R
HEL_AA0199AA_AS,R
HEL_AA0238AA_AS,R
HEL_AA0239AA_AS,R
HEL_AA0243AA_AS,R
HEL_AA0246AA_AS,R
HEL_AA0248AA_AS,R
HEL_AA0249AA_AS,R
HEL_AA0349AA_AS,R
HEL_AA0350AA_AS,R
HEL_AA0368AA_AS,R
HEL_AA0394AA_AS,R
HEL_AA0395AA_AS,R
HEL_AA0397AA_AS,R
HEL_AA0440AA_AS,R
HEL_AA0443AA_AS,R
HEL_AA4430AA_AS,R
HEL_AA4432AA_AS,R
HEL_AA4433AA_AS,R
HEL_AA4434AA_AS,R
HEL_AA4436AA_AS,R
HEL_AA4437AA_AS,R
HEL_AA4439AA_AS,R
HEL_AA4440AA_AS,R
HEL_AA4441AA_AS,R
HEL_AA4442AA_AS,R
HEL_AA4445AA_AS,R
HEL_AA4447AA_AS,R
HEL_AA4448AA_AS,R
HEL_AA4449AA_AS,R
HEL_AA4450AA_AS,R
HEL_AA4451AA_AS,R
HEL_AA4452AA_AS,R
HEL_AA4453AA_AS,R
HEL_AA4454AA_AS,R
HEL_AA4457AA_AS,R
HEL_BA3533AA_AS,R
HEL_BA4683AA_AS,R
HEL_BA4769AA_AS,R
HEL_BA5507AA_AS,R
HEL_BA5575AA_AS,R
HEL_BA5576AA_AS,R
HEL_BA5578AA_AS,R
HEL_BA8091AA_AS,R
HEL_BA8831AA_AS,R
HEL_BA8838AA_AS,R
HEL_BA8897AA_AS,R
HEL_BA8901AA_AS,R
HEL_BA8913AA_AS,R
HEL_BA8975AA_AS,R
HEL_BA9030AA_AS,R
HEL_BA9084AA_AS,R
HEL_BA9371AA_AS,R
HEL_BA9591AA_AS,R
HEL_BA9710AA_AS,R
HEL_BA9815AA_AS,R
HEL_BA9831AA_AS,R
HEL_BA9900AA_AS,R
HEL_BA9902AA_AS,R
HEL_CA0107AA_AS,R
HEL_CA0306AA_AS,R
HEL_CA0312AA_AS,R
HEL_CA0413AA_AS,R
HEL_CA0418AA_AS,R
HEL_CA0432AA_AS,R
HEL_CA0435AA_AS,R
HEL_CA0582AA_AS,R
HEL_CA0583AA_AS,R
HEL_CA0586AA_AS,R
HEL_CA0588AA_AS,R
HEL_CA0590AA_AS,R
HEL_CA0591AA_AS,R
HEL_CA0592AA_AS,R
HEL_CA0593AA_AS,R
HEL_CA0595AA_AS,R
HEL_CA0597AA_AS,R
HEL_CA0601AA_AS,R
HEL_CA0602AA_AS,R
HEL_CA0605AA_AS,R
HEL_CA0606AA_AS,R
HEL_CA0607AA_AS,R
HEL_CA0608AA_AS,R
HEL_CA0611AA_AS,R
HEL_CA0612AA_AS,R
HEL_CA0616AA_AS,R
HEL_CA0618AA_AS,R
HEL_CA0619AA_AS,R
HEL_CA0620AA_AS,R
HEL_CA0621AA_AS,R
HEL_CA0622AA_AS,R
HEL_CA0623AA_AS,R
HEL_CA0625AA_AS,R
HEL_CA0627AA_AS,R
HEL_CA0628AA_AS,R
HEL_CA0629AA_AS,R
HEL_CA0633AA_AS,R
HEL_CA0634AA_AS,R
HEL_CA0635AA_AS,R
HEL_CA0636AA_AS,R
HEL_CA0637AA_AS,R
HEL_CA3121AA_AS,R
HEL_CA3126AA_AS,R
HEL_CA3127AA_AS,R
HEL_CA3129AA_AS,R
HEL_CA3132AA_AS,R
HEL_CA3138AA_AS,R
HEL_CA3139AA_AS,R
HEL_CA3142AA_AS,R
HEL_CA3144AA_AS,R
HEL_CA3146AA_AS,R
HEL_CA3149AA_AS,R
HEL_CA3150AA_AS,R
HEL_CA3152AA_AS,R
HEL_CA3154AA_AS,R
HEL_CA3156AA_AS,R
HEL_CA3157AA_AS,R
HEL_CA3160AA_AS,R
HEL_CA3162AA_AS,R
HEL_CA3163AA_AS,R
HEL_CA3164AA_AS,R
HEL_CA3165AA_AS,R
HEL_CA3167AA_AS,R
HEL_CA3168AA_AS,R
HEL_CA3171AA_AS,R
HEL_CA3172AA_AS,R
HEL_CA3174AA_AS,R
HEL_CA3176AA_AS,R
HEL_CA3178AA_AS,R
HEL_CA3181AA_AS,R
HEL_CA3184AA_AS,R
HEL_CA3185AA_AS,R
HEL_CA3188AA_AS,R
HEL_CA3192AA_AS,R
HEL_CA3194AA_AS,R
HEL_CA3195AA_AS,R
HEL_CA3198AA_AS,R
HEL_CA3200AA_AS,R
HEL_CA3202AA_AS,R
HEL_CA3203AA_AS,R
HEL_CA3207AA_AS,R
HEL_CA3208AA_AS,R
HEL_CA3211AA_AS,R
HEL_CA3217AA_AS,R
HEL_CA3247AA_AS,R
HEL_CA3867AA_AS,R
HEL_CA3869AA_AS,R
HEL_CA3870AA_AS,R
HEL_CA3935AA_AS,R
HEL_CA3937AA_AS,R
HEL_CA3939AA_AS,R
HEL_CA3940AA_AS,R
HEL_CA3941AA_AS,R
HEL_CA3944AA_AS,R
HEL_CA3945AA_AS,R
HEL_CA3946AA_AS,R
HEL_CA3947AA_AS,R
HEL_CA3949AA_AS,R
HEL_CA3953AA_AS,R
HEL_CA4001AA_AS,R
HEL_CA4002AA_AS,R
HEL_CA4006AA_AS,R
HEL_CA4258AA_AS,R
HEL_CA4268AA_AS,R
HEL_CA4427AA_AS,R
HEL_CA4612AA_AS,R
HEL_CA4621AA_AS,R
HEL_CA4623AA_AS,R
HEL_CA4624AA_AS,R
HEL_CA4625AA_AS,R
HEL_CA4626AA_AS,R
HEL_CA4627AA_AS,R
HEL_CA4629AA_AS,R
HEL_CA4633AA_AS,R
HEL_CA4634AA_AS,R
HEL_CA4635AA_AS,R
HEL_CA4637AA_AS,R
HEL_CA4638AA_AS,R
HEL_CA4645AA_AS,R
HEL_CA5089AA_AS,R
HEL_CA5097AA_AS,R
HEL_CA5100AA_AS,R
HEL_CA5101AA_AS,R
HEL_CA5105AA_AS,R
HEL_CA5108AA_AS,R
HEL_CA5110AA_AS,R
HEL_CA5114AA_AS,R
HEL_CA5116AA_AS,R
HEL_CA5118AA_AS,R
HEL_CA5120AA_AS,R
HEL_CA5121AA_AS,R
HEL_CA5122AA_AS,R
HEL_CA5124AA_AS,R
HEL_CA5125AA_AS,R
HEL_CA5128AA_AS,R
HEL_CA5130AA_AS,R
HEL_CA5131AA_AS,R
HEL_CA5132AA_AS,R
HEL_CA5133AA_AS,R
HEL_CA5135AA_AS,R
HEL_CA5140AA_AS,R
HEL_CA5141AA_AS,R
HEL_CA5143AA_AS,R
HEL_CA5147AA_AS,R
HEL_CA5150AA_AS,R
HEL_CA5154AA_AS,R
HEL_CA5185AA_AS,R
HEL_CA5188AA_AS,R
HEL_CA5212AA_AS,R
HEL_CA5213AA_AS,R
HEL_CA5267AA_AS,R
HEL_CA5269AA_AS,R
HEL_CA5271AA_AS,R
HEL_CA5272AA_AS,R
HEL_CA5276AA_AS,R
HEL_CA5277AA_AS,R
HEL_CA5282AA_AS,R
HEL_CA5283AA_AS,R
HEL_CA5284AA_AS,R
HEL_CA5288AA_AS,R
HEL_CA5290AA_AS,R
HEL_CA5291AA_AS,R
HEL_CA5293AA_AS,R
HEL_CA5294AA_AS,R
HEL_CA5299AA_AS,R
HEL_CA5300AA_AS,R
HEL_CA5302AA_AS,R
HEL_CA5308AA_AS,R
HEL_CA5309AA_AS,R
HEL_CA5314AA_AS,R
HEL_CA5316AA_AS,R
HEL_CA5319AA_AS,R
HEL_CA5736AA_AS,R
HEL_CA5743AA_AS,R
HEL_CA5744AA_AS,R
HEL_CA5745AA_AS,R
HEL_CA5746AA_AS,R
HEL_CA5747AA_AS,R
HEL_CA5748AA_AS,R
HEL_CA5753AA_AS,R
HEL_CA5754AA_AS,R
HEL_CA5757AA_AS,R
HEL_CA5759AA_AS,R
HEL_CA5761AA_AS,R
HEL_CA5834AA_AS,R
HEL_CA5838AA_AS,R
HEL_CA5840AA_AS,R
HEL_CA5841AA_AS,R
HEL_CA5845AA_AS,R
HEL_CA5847AA_AS,R
HEL_CA5851AA_AS,R
HEL_CA5852AA_AS,R
HEL_CA5857AA_AS,R
HEL_CA5861AA_AS,R
HEL_CA5862AA_AS,R
HEL_CA5867AA_AS,R
HEL_CA5871AA_AS,R
HEL_CA5872AA_AS,R
HEL_CA5873AA_AS,R
HEL_CA5874AA_AS,R
HEL_CA5880AA_AS,R
HEL_CA5884AA_AS,R
HEL_CA5886AA_AS,R
HEL_CA5889AA_AS,R
HEL_CA5895AA_AS,R
HEL_CA5898AA_AS,R
HEL_CA5899AA_AS,R
HEL_CA5902AA_AS,R
HEL_CA5904AA_AS,R
HEL_CA5905AA_AS,R
HEL_CA5913AA_AS,R
HEL_CA5914AA_AS,R
HEL_CA5915AA_AS,R
HEL_CA5917AA_AS,R
HEL_CA5918AA_AS,R
HEL_CA5919AA_AS,R
HEL_CA5998AA_AS,R
HEL_CA6166AA_AS,R
HEL_CA6170AA_AS,R
HEL_CA6173AA_AS,R
HEL_CA6174AA_AS,R
HEL_CA6175AA_AS,R
HEL_CA6177AA_AS,R
HEL_CA6183AA_AS,R
HEL_CA6184AA_AS,R
HEL_CA6186AA_AS,R
HEL_CA6187AA_AS,R
HEL_CA6188AA_AS,R
HEL_CA6195AA_AS,R
HEL_CA6197AA_AS,R
HEL_CA6201AA_AS,R
HEL_CA6209AA_AS,R
HEL_CA6211AA_AS,R
HEL_CA6212AA_AS,R
HEL_CA6213AA_AS,R
HEL_CA6214AA_AS,R
HEL_CA6216AA_AS,R
HEL_CA6220AA_AS,R
HEL_CA6222AA_AS,R
HEL_CA6226AA_AS,R
HEL_CA6228AA_AS,R
HEL_CA6229AA_AS,R
HEL_CA6230AA_AS,R
HEL_CA6233AA_AS,R
HEL_CA6234AA_AS,R
HEL_CA6236AA_AS,R
HEL_CA6238AA_AS,R
HEL_CA6239AA_AS,R
HEL_CA6243AA_AS,R
HEL_CA6245AA_AS,R
HEL_CA6246AA_AS,R
HEL_CA6251AA_AS,R
HEL_CA6296AA_AS,R
HEL_CA6418AA_AS,R
HEL_CA6754AA_AS,R
HEL_CA6787AA_AS,R
HEL_CA6862AA_AS,R
GCA_009690965.1,R
GCA_013181575.1,R
GCA_013181635.1,R
GCA_013183945.1,R
GCA_013183985.1,R
GCA_018327865.1,R
GCA_018327885.1,R
GCA_018327905.1,R
GCA_018327925.1,R
GCA_018327965.1,R
GCA_018328005.1,R
GCA_018328025.1,R
GCA_018328045.1,R
GCA_018328065.1,R
GCA_018328105.1,R
GCA_018328125.1,R
GCA_018328165.1,R
GCA_018328185.1,R
GCA_018328225.1,R
HEL_CA3124AA_AS,R
HEL_CA6766AA_AS,R
HEL_CA6778AA_AS,R
HEL_CA6781AA_AS,R
HEL_CA6782AA_AS,R
HEL_CA6794AA_AS,R
HEL_CA6807AA_AS,R
HEL_CA6813AA_AS,R
HEL_CA6817AA_AS,R
HEL_CA6821AA_AS,R
HEL_CA6825AA_AS,R
HEL_AA0210AA_AS,R
HEL_AA0211AA_AS,R
HEL_AA0212AA_AS,R
HEL_AA0213AA_AS,R
HEL_AA0446AA_AS,R
HEL_AA4373AA_AS,R
HEL_AA6526AA_AS,R
HEL_BA4123AA_AS,R
HEL_BA4157AA_AS,R
HEL_BA4190AA_AS,R
HEL_BA4220AA_AS,R
HEL_BA4223AA_AS,R
HEL_BA4671AA_AS,R
HEL_BA4917AA_AS,R
HEL_BA4942AA_AS,R
HEL_BA4955AA_AS,R
HEL_BA4960AA_AS,R
HEL_BA4962AA_AS,R
HEL_BA4965AA_AS,R
HEL_BA4967AA_AS,R
HEL_BA4985AA_AS,R
HEL_BA4993AA_AS,R
HEL_BA8661AA_AS,R
HEL_BA8663AA_AS,R
HEL_BA8664AA_AS,R
HEL_BA8665AA_AS,R
HEL_BA8666AA_AS,R
HEL_BA8667AA_AS,R
HEL_BA8669AA_AS,R
HEL_BA8670AA_AS,R
HEL_BA8671AA_AS,R
HEL_BA8672AA_AS,R
HEL_BA8673AA_AS,R
HEL_BA8675AA_AS,R
HEL_BA8676AA_AS,R
HEL_BA8677AA_AS,R
HEL_BA8679AA_AS,R
HEL_BA8680AA_AS,R
HEL_BA8681AA_AS,R
HEL_BA8682AA_AS,R
HEL_BA8683AA_AS,R
HEL_BA8685AA_AS,R
HEL_BA8687AA_AS,R
HEL_BA8689AA_AS,R
HEL_BA8690AA_AS,R
HEL_BA8691AA_AS,R
HEL_BA8693AA_AS,R
HEL_BA8694AA_AS,R
HEL_BA8695AA_AS,R
HEL_BA8696AA_AS,R
HEL_BA8698AA_AS,R
HEL_BA8699AA_AS,R
HEL_BA8700AA_AS,R
HEL_BA8702AA_AS,R
HEL_BA8703AA_AS,R
HEL_BA8704AA_AS,R
HEL_BA8705AA_AS,R
HEL_BA8706AA_AS,R
HEL_BA8707AA_AS,R
HEL_BA8708AA_AS,R
HEL_BA8709AA_AS,R
HEL_BA8710AA_AS,R
HEL_BA8711AA_AS,R
HEL_BA8712AA_AS,R
HEL_BA8713AA_AS,R
HEL_BA8714AA_AS,R
HEL_BA8716AA_AS,R
HEL_BA8718AA_AS,R
HEL_BA8721AA_AS,R
HEL_BA8722AA_AS,R
HEL_BA8724AA_AS,R
HEL_BA8725AA_AS,R
HEL_BA8727AA_AS,R
HEL_BA8728AA_AS,R
HEL_BA8729AA_AS,R
HEL_BA8730AA_AS,R
HEL_BA8731AA_AS,R
HEL_BA8734AA_AS,R
HEL_BA8736AA_AS,R
HEL_BA8737AA_AS,R
HEL_BA8738AA_AS,R
HEL_BA8739AA_AS,R
HEL_BA8740AA_AS,R
HEL_BA8741AA_AS,R
HEL_BA8742AA_AS,R
HEL_BA8833AA_AS,R
HEL_BA8905AA_AS,R
HEL_BA8982AA_AS,R
HEL_BA9055AA_AS,R
HEL_BA9312AA_AS,R
HEL_BA9317AA_AS,R
HEL_BA9335AA_AS,R
HEL_BA9420AA_AS,R
HEL_BA9452AA_AS,R
HEL_BA9547AA_AS,R
HEL_BA9578AA_AS,R
HEL_BA9588AA_AS,R
HEL_BA9590AA_AS,R
HEL_BA9622AA_AS,R
HEL_BA9633AA_AS,R
HEL_BA9754AA_AS,R
HEL_BA9802AA_AS,R
HEL_CA0434AA_AS,R
HEL_CA0436AA_AS,R
HEL_CA0437AA_AS,R
HEL_CA0438AA_AS,R
HEL_CA0439AA_AS,R
HEL_CA0440AA_AS,R
HEL_CA0441AA_AS,R
HEL_CA0442AA_AS,R
HEL_CA0443AA_AS,R
HEL_CA0444AA_AS,R
HEL_CA0446AA_AS,R
HEL_CA0448AA_AS,R
HEL_CA0449AA_AS,R
HEL_CA0450AA_AS,R
HEL_CA0451AA_AS,R
HEL_CA0452AA_AS,R
HEL_CA0453AA_AS,R
HEL_CA0454AA_AS,R
HEL_CA0455AA_AS,R
HEL_CA0456AA_AS,R
HEL_CA0457AA_AS,R
HEL_CA0458AA_AS,R
HEL_CA0459AA_AS,R
HEL_CA0460AA_AS,R
HEL_CA0461AA_AS,R
HEL_CA0462AA_AS,R
HEL_CA0463AA_AS,R
HEL_CA0464AA_AS,R
HEL_CA0465AA_AS,R
HEL_CA0466AA_AS,R
HEL_CA0467AA_AS,R
HEL_CA0468AA_AS,R
HEL_CA0469AA_AS,R
HEL_CA0471AA_AS,R
HEL_CA0472AA_AS,R
HEL_CA0473AA_AS,R
HEL_CA0475AA_AS,R
HEL_CA0477AA_AS,R
HEL_CA0478AA_AS,R
HEL_CA0479AA_AS,R
HEL_CA0480AA_AS,R
HEL_CA0481AA_AS,R
HEL_CA0482AA_AS,R
HEL_CA0483AA_AS,R
HEL_CA0484AA_AS,R
HEL_CA0485AA_AS,R
HEL_CA0486AA_AS,R
HEL_CA0487AA_AS,R
HEL_CA0493AA_AS,R
HEL_CA0494AA_AS,R
HEL_CA0495AA_AS,R
HEL_CA0496AA_AS,R
HEL_CA0497AA_AS,R
HEL_CA0498AA_AS,R
HEL_CA0501AA_AS,R
HEL_CA0502AA_AS,R
HEL_CA0503AA_AS,R
HEL_CA0504AA_AS,R
HEL_CA0507AA_AS,R
HEL_CA0508AA_AS,R
HEL_CA0509AA_AS,R
HEL_CA0510AA_AS,R
HEL_CA0511AA_AS,R
HEL_CA0512AA_AS,R
HEL_CA0513AA_AS,R
HEL_CA0514AA_AS,R
HEL_CA0515AA_AS,R
HEL_CA0519AA_AS,R
HEL_CA0520AA_AS,R
HEL_CA0521AA_AS,R
HEL_CA0522AA_AS,R
HEL_CA0523AA_AS,R
HEL_CA0524AA_AS,R
HEL_CA0525AA_AS,R
HEL_CA0526AA_AS,R
HEL_CA0527AA_AS,R
HEL_CA0528AA_AS,R
HEL_CA0529AA_AS,R
HEL_CA0531AA_AS,R
HEL_CA0532AA_AS,R
HEL_CA0533AA_AS,R
HEL_CA0534AA_AS,R
HEL_CA0535AA_AS,R
HEL_CA0536AA_AS,R
HEL_CA0537AA_AS,R
HEL_CA0538AA_AS,R
HEL_CA0539AA_AS,R
HEL_CA0540AA_AS,R
HEL_CA0541AA_AS,R
HEL_CA0543AA_AS,R
HEL_CA0544AA_AS,R
HEL_CA0545AA_AS,R
HEL_CA0546AA_AS,R
HEL_CA0547AA_AS,R
HEL_CA0548AA_AS,R
HEL_CA0549AA_AS,R
HEL_CA0550AA_AS,R
HEL_CA0551AA_AS,R
HEL_CA0552AA_AS,R
HEL_CA0553AA_AS,R
HEL_CA0554AA_AS,R
HEL_CA0556AA_AS,R
HEL_CA0557AA_AS,R
HEL_CA0559AA_AS,R
HEL_CA0560AA_AS,R
HEL_CA0561AA_AS,R
HEL_CA0562AA_AS,R
HEL_CA0563AA_AS,R
HEL_CA0564AA_AS,R
HEL_CA0565AA_AS,R
HEL_CA0566AA_AS,R
HEL_CA0567AA_AS,R
HEL_CA0568AA_AS,R
HEL_CA0569AA_AS,R
HEL_CA0570AA_AS,R
HEL_CA0571AA_AS,R
HEL_CA0572AA_AS,R
HEL_CA0573AA_AS,R
HEL_CA0574AA_AS,R
HEL_CA0575AA_AS,R
HEL_CA0576AA_AS,R
HEL_CA0577AA_AS,R
HEL_CA0578AA_AS,R
HEL_CA0579AA_AS,R
HEL_CA0580AA_AS,R
HEL_CA0581AA_AS,R
HEL_CA3252AA_AS,R
HEL_CA3255AA_AS,R
HEL_CA3615AA_AS,R
HEL_CA3621AA_AS,R
HEL_CA3622AA_AS,R
HEL_CA3627AA_AS,R
HEL_CA3628AA_AS,R
HEL_CA3640AA_AS,R
HEL_CA3642AA_AS,R
HEL_CA3652AA_AS,R
HEL_CA3663AA_AS,R
HEL_CA3674AA_AS,R
HEL_CA3676AA_AS,R
HEL_CA3679AA_AS,R
HEL_CA3683AA_AS,R
HEL_CA3690AA_AS,R
HEL_CA3691AA_AS,R
HEL_CA3780AA_AS,R
HEL_CA3871AA_AS,R
HEL_CA3872AA_AS,R
HEL_CA3873AA_AS,R
HEL_CA3874AA_AS,R
HEL_CA3875AA_AS,R
HEL_CA3878AA_AS,R
HEL_CA3880AA_AS,R
HEL_CA3891AA_AS,R
HEL_CA3893AA_AS,R
HEL_CA3901AA_AS,R
HEL_CA3907AA_AS,R
HEL_CA3911AA_AS,R
HEL_CA3917AA_AS,R
HEL_CA3922AA_AS,R
HEL_CA3952AA_AS,R
HEL_CA4167AA_AS,R
HEL_CA4263AA_AS,R
HEL_CA4266AA_AS,R
HEL_CA4267AA_AS,R
HEL_CA4269AA_AS,R
HEL_CA4270AA_AS,R
HEL_CA4271AA_AS,R
HEL_CA4272AA_AS,R
HEL_CA4273AA_AS,R
HEL_CA4275AA_AS,R
HEL_CA4278AA_AS,R
HEL_CA4279AA_AS,R
HEL_CA4280AA_AS,R
HEL_CA4281AA_AS,R
HEL_CA4285AA_AS,R
HEL_CA4288AA_AS,R
HEL_CA4291AA_AS,R
HEL_CA4292AA_AS,R
HEL_CA4293AA_AS,R
HEL_CA4295AA_AS,R
HEL_CA4297AA_AS,R
HEL_CA4298AA_AS,R
HEL_CA4299AA_AS,R
HEL_CA4304AA_AS,R
HEL_CA4307AA_AS,R
HEL_CA4329AA_AS,R
HEL_CA4409AA_AS,R
HEL_CA4432AA_AS,R
HEL_CA4435AA_AS,R
HEL_CA4437AA_AS,R
HEL_CA4438AA_AS,R
HEL_CA4440AA_AS,R
HEL_CA5160AA_AS,R
HEL_CA5161AA_AS,R
HEL_CA5226AA_AS,R
HEL_CA5484AA_AS,R
HEL_CA5506AA_AS,R
HEL_CA5510AA_AS,R
HEL_CA5516AA_AS,R
HEL_CA5519AA_AS,R
HEL_CA5593AA_AS,R
HEL_CA5594AA_AS,R
HEL_CA5597AA_AS,R
HEL_CA5599AA_AS,R
HEL_CA5606AA_AS,R
HEL_CA5610AA_AS,R
HEL_CA5613AA_AS,R
HEL_CA5614AA_AS,R
HEL_CA5620AA_AS,R
HEL_CA5766AA_AS,R
HEL_CA5768AA_AS,R
HEL_CA5769AA_AS,R
HEL_CA5770AA_AS,R
HEL_CA5772AA_AS,R
HEL_CA5779AA_AS,R
HEL_CA5780AA_AS,R
HEL_CA5781AA_AS,R
HEL_CA5782AA_AS,R
HEL_CA5785AA_AS,R
HEL_CA5819AA_AS,R
HEL_CA5822AA_AS,R
HEL_CA5823AA_AS,R
HEL_CA5825AA_AS,R
HEL_CA5831AA_AS,R
HEL_CA5833AA_AS,R
HEL_CA5846AA_AS,R
HEL_CA5848AA_AS,R
HEL_CA5864AA_AS,R
HEL_CA5876AA_AS,R
HEL_CA6040AA_AS,R
HEL_CA6160AA_AS,R
HEL_CA6266AA_AS,R
HEL_CA6275AA_AS,R
HEL_CA6277AA_AS,R
HEL_CA6286AA_AS,R
HEL_CA6297AA_AS,R
HEL_CA6299AA_AS,R
HEL_CA6303AA_AS,R
HEL_CA6304AA_AS,R
HEL_CA6454AA_AS,R
HEL_CA6456AA_AS,R
HEL_CA6460AA_AS,R
HEL_CA6465AA_AS,R
HEL_CA6467AA_AS,R
HEL_CA6483AA_AS,R
HEL_CA6500AA_AS,R
HEL_CA6501AA_AS,R
HEL_CA6504AA_AS,R
HEL_CA6513AA_AS,R
HEL_CA6514AA_AS,R
HEL_CA6516AA_AS,R
HEL_CA6521AA_AS,R
HEL_CA6522AA_AS,R
HEL_CA6525AA_AS,R
HEL_CA6526AA_AS,R
HEL_CA6532AA_AS,R
HEL_CA6534AA_AS,R
HEL_CA6535AA_AS,R
HEL_CA6538AA_AS,R
HEL_CA6539AA_AS,R
HEL_CA6541AA_AS,R
HEL_CA6542AA_AS,R
HEL_CA6543AA_AS,R
HEL_CA6544AA_AS,R
HEL_CA6548AA_AS,R
HEL_CA6549AA_AS,R
HEL_CA6550AA_AS,R
HEL_CA6551AA_AS,R
HEL_CA6552AA_AS,R
HEL_CA6553AA_AS,R
HEL_CA6554AA_AS,R
HEL_CA6556AA_AS,R
HEL_CA6557AA_AS,R
HEL_CA6558AA_AS,R
HEL_CA6559AA_AS,R
HEL_CA6561AA_AS,R
HEL_CA6562AA_AS,R
HEL_CA6563AA_AS,R
HEL_CA6565AA_AS,R
HEL_CA6566AA_AS,R
HEL_CA6567AA_AS,R
HEL_CA6568AA_AS,R
HEL_CA6571AA_AS,R
HEL_CA6572AA_AS,R
HEL_CA6573AA_AS,R
HEL_CA6574AA_AS,R
HEL_CA6575AA_AS,R
HEL_CA6576AA_AS,R
HEL_CA6577AA_AS,R
HEL_CA6578AA_AS,R
HEL_CA6579AA_AS,R
HEL_CA6582AA_AS,R
HEL_CA6587AA_AS,R
HEL_CA6608AA_AS,R
HEL_CA6610AA_AS,R
HEL_CA6614AA_AS,R
HEL_CA6615AA_AS,R
HEL_CA6618AA_AS,R
HEL_CA6620AA_AS,R
HEL_CA6622AA_AS,R
HEL_CA6623AA_AS,R
HEL_CA6624AA_AS,R
HEL_CA6625AA_AS,R
HEL_CA6626AA_AS,R
HEL_CA6627AA_AS,R
HEL_CA6628AA_AS,R
HEL_CA6629AA_AS,R
HEL_CA6630AA_AS,R
HEL_CA6633AA_AS,R
HEL_CA6634AA_AS,R
HEL_CA6635AA_AS,R
HEL_CA6638AA_AS,R
HEL_CA6639AA_AS,R
HEL_CA6640AA_AS,R
HEL_CA6642AA_AS,R
HEL_CA6643AA_AS,R
HEL_CA6644AA_AS,R
HEL_CA6645AA_AS,R
HEL_CA6646AA_AS,R
HEL_CA6647AA_AS,R
HEL_CA6649AA_AS,R
HEL_CA6650AA_AS,R
HEL_CA6651AA_AS,R
HEL_CA6653AA_AS,R
HEL_CA6654AA_AS,R
HEL_CA6655AA_AS,R
HEL_CA6657AA_AS,R
HEL_CA6658AA_AS,R
HEL_CA6659AA_AS,R
HEL_CA6661AA_AS,R
HEL_CA6663AA_AS,R
HEL_CA6664AA_AS,R
HEL_CA6665AA_AS,R
HEL_CA6666AA_AS,R
HEL_CA6667AA_AS,R
HEL_CA6668AA_AS,R
HEL_CA6670AA_AS,R
HEL_CA6671AA_AS,R
HEL_CA6672AA_AS,R
HEL_CA6673AA_AS,R
HEL_CA6674AA_AS,R
HEL_CA6675AA_AS,R
HEL_CA6676AA_AS,R
HEL_CA6677AA_AS,R
HEL_CA6678AA_AS,R
HEL_CA6679AA_AS,R
HEL_CA6680AA_AS,R
HEL_CA6681AA_AS,R
HEL_CA6682AA_AS,R
HEL_CA6683AA_AS,R
HEL_CA6685AA_AS,R
HEL_CA6686AA_AS,R
HEL_CA6687AA_AS,R
HEL_CA6688AA_AS,R
HEL_CA6689AA_AS,R
HEL_CA6690AA_AS,R
HEL_CA6691AA_AS,R
HEL_CA6692AA_AS,R
HEL_CA6693AA_AS,R
HEL_CA6694AA_AS,R
HEL_CA6696AA_AS,R
HEL_CA6697AA_AS,R
HEL_CA6699AA_AS,R
HEL_CA6700AA_AS,R
HEL_CA6703AA_AS,R
HEL_CA6704AA_AS,R
HEL_CA6705AA_AS,R
HEL_CA6706AA_AS,R
HEL_CA6707AA_AS,R
HEL_CA6708AA_AS,R
HEL_CA6709AA_AS,R
HEL_CA6710AA_AS,R
HEL_CA6712AA_AS,R
HEL_CA6713AA_AS,R
HEL_CA6714AA_AS,R
HEL_CA6715AA_AS,R
HEL_CA6720AA_AS,R
HEL_CA6721AA_AS,R
HEL_CA6733AA_AS,R
HEL_CA6745AA_AS,R
HEL_CA6751AA_AS,R
HEL_CA6764AA_AS,R
HEL_CA6828AA_AS,R
HEL_CA6831AA_AS,R
HEL_CA6834AA_AS,R
HEL_CA6836AA_AS,R
HEL_CA6837AA_AS,R
HEL_CA6838AA_AS,R
HEL_CA6839AA_AS,R
HEL_CA6840AA_AS,R
HEL_CA6841AA_AS,R
GCA_006438425.1,R
GCA_006438455.1,R
GCA_006438465.1,R
GCA_006438475.1,R
GCA_006439645.1,R
GCA_006439655.1,R
GCA_006439745.1,R
GCA_006439785.1,R
GCA_006439815.1,R
GCA_006439955.1,R
GCA_006440125.1,R
GCA_006440195.1,R
GCA_006440225.1,R
GCA_006440245.1,R
GCA_006440285.1,R
GCA_006440315.1,R
GCA_006440335.1,R
GCA_011456275.1,R
GCA_011456295.1,R
GCA_011456315.1,R
GCA_011456475.1,R
GCA_011456665.1,R
GCA_011456895.1,R
GCA_011457115.1,R
GCA_011457355.1,R
GCA_011457615.1,R
GCA_011457815.1,R
GCA_011458015.1,R
GCA_011458095.1,R
GCA_011458315.1,R
GCA_011462215.1,R
GCA_011462375.1,R
GCA_011462575.1,R
GCA_011462735.1,R
GCA_011462915.1,R
GCA_011463035.1,R
GCA_011463055.1,R
GCA_011463175.1,R
